Timestamp,User Count,Type,Name,Requests/s,Failures/s,50%,66%,75%,80%,90%,95%,98%,99%,99.9%,99.99%,100%,Total Request Count,Total Failure Count,Total Median Response Time,Total Average Response Time,Total Min Response Time,Total Max Response Time,Total Average Content Size
1673017922,0,,Aggregated,0.000000,0.000000,N/A,N/A,N/A,N/A,N/A,N/A,N/A,N/A,N/A,N/A,N/A,0,0,0,0.0,0,0,0
1673017923,1,,Aggregated,0.000000,0.000000,N/A,N/A,N/A,N/A,N/A,N/A,N/A,N/A,N/A,N/A,N/A,0,0,0,0.0,0,0,0
1673017924,2,,Aggregated,0.000000,0.000000,N/A,N/A,N/A,N/A,N/A,N/A,N/A,N/A,N/A,N/A,N/A,0,0,0,0.0,0,0,0
1673017925,3,,Aggregated,0.000000,0.000000,N/A,N/A,N/A,N/A,N/A,N/A,N/A,N/A,N/A,N/A,N/A,0,0,0,0.0,0,0,0
1673017926,4,,Aggregated,0.000000,0.000000,N/A,N/A,N/A,N/A,N/A,N/A,N/A,N/A,N/A,N/A,N/A,0,0,0,0.0,0,0,0
1673017927,4,,Aggregated,0.000000,0.000000,N/A,N/A,N/A,N/A,N/A,N/A,N/A,N/A,N/A,N/A,N/A,0,0,0,0.0,0,0,0
1673017928,4,grpc,/pb.AuthService/SignInUser,0.000000,0.000000,0,0,0,0,0,0,0,0,0,0,0,3,0,3800.0,4091.740780001904,2744.438377001643,5777.098170001409,491.0
1673017928,4,grpc,/pb.VacancyService/CreateVacancy,0.000000,0.000000,0,0,0,0,0,0,0,0,0,0,0,3,0,149.39754200167954,130.01629233379694,91.30220899896813,149.39754200167954,86.0
1673017928,4,grpc,/pb.VacancyService/GetVacancies,0.000000,0.000000,0,0,0,0,0,0,0,0,0,0,0,1,0,4594.3159189992,4594.3159189992,4594.3159189992,4594.3159189992,100.0
1673017928,4,grpc,/pb.VacancyService/UpdateVacancy,0.000000,0.000000,0,0,0,0,0,0,0,0,0,0,0,1,0,171.75329200108536,171.75329200108536,171.75329200108536,171.75329200108536,86.0
1673017928,4,,Aggregated,0.000000,0.000000,2700,3800,4600,4600,5800,5800,5800,5800,5800,5800,5800,8,0,170.0,2178.9175535009235,91.30220899896813,5777.098170001409,239.625
1673017929,4,grpc,/pb.AuthService/SignInUser,0.000000,0.000000,3800,3800,5800,5800,5800,5800,5800,5800,5800,5800,5800,3,0,3800.0,4091.740780001904,2744.438377001643,5777.098170001409,491.0
1673017929,4,grpc,/pb.VacancyService/CreateVacancy,0.000000,0.000000,150,150,150,150,150,150,150,150,150,150,150,3,0,149.39754200167954,130.01629233379694,91.30220899896813,149.39754200167954,86.0
1673017929,4,grpc,/pb.VacancyService/GetVacancies,0.000000,0.000000,4600,4600,4600,4600,4600,4600,4600,4600,4600,4600,4600,1,0,4594.3159189992,4594.3159189992,4594.3159189992,4594.3159189992,100.0
1673017929,4,grpc,/pb.VacancyService/GetVacancy,0.000000,0.000000,0,0,0,0,0,0,0,0,0,0,0,3,0,120.0,122.14170799901088,119.8107499985781,124.36404099935316,87.0
1673017929,4,grpc,/pb.VacancyService/UpdateVacancy,0.000000,0.000000,0,0,0,0,0,0,0,0,0,0,0,3,0,171.75329200108536,174.2378056672654,171.75329200108536,176.82525000054738,86.66666666666667
1673017929,4,,Aggregated,0.000000,0.000000,170,180,2700,3800,4600,5800,5800,5800,5800,5800,5800,13,0,170.0,1396.0558213080872,91.30220899896813,5777.098170001409,180.92307692307693
1673017930,4,grpc,/pb.AuthService/SignInUser,0.000000,0.000000,3800,3800,5800,5800,5800,5800,5800,5800,5800,5800,5800,3,0,3800.0,4091.740780001904,2744.438377001643,5777.098170001409,491.0
1673017930,4,grpc,/pb.VacancyService/CreateVacancy,0.000000,0.000000,150,150,150,150,150,150,150,150,150,150,150,3,0,149.39754200167954,130.01629233379694,91.30220899896813,149.39754200167954,86.0
1673017930,4,grpc,/pb.VacancyService/GetVacancies,0.000000,0.000000,4600,4600,4600,4600,4600,4600,4600,4600,4600,4600,4600,1,0,4594.3159189992,4594.3159189992,4594.3159189992,4594.3159189992,100.0
1673017930,4,grpc,/pb.VacancyService/GetVacancy,0.000000,0.000000,120,120,120,120,120,120,120,120,120,120,120,3,0,120.0,122.14170799901088,119.8107499985781,124.36404099935316,87.0
1673017930,4,grpc,/pb.VacancyService/UpdateVacancy,0.000000,0.000000,170,170,180,180,180,180,180,180,180,180,180,3,0,171.75329200108536,174.2378056672654,171.75329200108536,176.82525000054738,86.66666666666667
1673017930,4,,Aggregated,0.000000,0.000000,170,180,2700,3800,4600,5800,5800,5800,5800,5800,5800,13,0,170.0,1396.0558213080872,91.30220899896813,5777.098170001409,180.92307692307693
1673017931,4,grpc,/pb.AuthService/SignInUser,0.428571,0.000000,3800,3800,5800,5800,5800,5800,5800,5800,5800,5800,5800,3,0,3800.0,4091.740780001904,2744.438377001643,5777.098170001409,491.0
1673017931,4,grpc,/pb.VacancyService/CreateVacancy,0.428571,0.000000,93,150,150,150,150,150,150,150,150,150,150,5,0,93,114.47519200082752,88.98462500292226,149.39754200167954,86.8
1673017931,4,grpc,/pb.VacancyService/DeleteVacancy,0.000000,0.000000,0,0,0,0,0,0,0,0,0,0,0,3,0,2412.608710001223,2415.211653666726,2412.608710001223,2417.5940419991093,0.6666666666666666
1673017931,4,grpc,/pb.VacancyService/GetVacancies,0.142857,0.000000,4600,4600,4600,4600,4600,4600,4600,4600,4600,4600,4600,1,0,4594.3159189992,4594.3159189992,4594.3159189992,4594.3159189992,100.0
1673017931,4,grpc,/pb.VacancyService/GetVacancy,0.428571,0.000000,120,120,120,120,120,120,120,120,120,120,120,5,0,120.0,117.82397479910287,109.72583300099359,124.36404099935316,87.0
1673017931,4,grpc,/pb.VacancyService/UpdateVacancy,0.428571,0.000000,170,170,170,180,180,180,180,180,180,180,180,5,0,170.0,158.6748168003396,133.6944169997878,176.82525000054738,86.8
1673017931,4,,Aggregated,1.857143,0.000000,150,180,2400,2400,3800,4600,5800,5800,5800,5800,5800,22,0,150.0,1185.0019608184746,88.98462500292226,5777.098170001409,130.8181818181818
1673017932,4,grpc,/pb.AuthService/SignInUser,0.428571,0.000000,3800,3800,5800,5800,5800,5800,5800,5800,5800,5800,5800,3,0,3800.0,4091.740780001904,2744.438377001643,5777.098170001409,491.0
1673017932,4,grpc,/pb.VacancyService/CreateVacancy,0.428571,0.000000,150,150,150,150,180,180,180,180,180,180,180,6,0,93,125.69463916770474,88.98462500292226,181.79187500209082,87.0
1673017932,4,grpc,/pb.VacancyService/DeleteVacancy,0.000000,0.000000,120,120,190,190,190,190,190,190,190,190,190,6,0,190.0,1278.607313000369,119.1529999996419,2417.5940419991093,1.0
1673017932,4,grpc,/pb.VacancyService/GetVacancies,0.142857,0.000000,4600,4600,4600,4600,4600,4600,4600,4600,4600,4600,4600,1,0,4594.3159189992,4594.3159189992,4594.3159189992,4594.3159189992,100.0
1673017932,4,grpc,/pb.VacancyService/GetVacancy,0.428571,0.000000,120,120,120,120,290,290,290,290,290,290,290,6,0,120.0,146.46577066559985,109.72583300099359,289.67474999808474,87.16666666666667
1673017932,4,grpc,/pb.VacancyService/UpdateVacancy,0.428571,0.000000,170,170,170,170,180,180,180,180,180,180,180,6,0,140.0,151.5527363341486,115.94233400319354,176.82525000054738,87.0
1673017932,4,,Aggregated,1.857143,0.000000,150,180,2400,2400,3800,4600,5800,5800,5800,5800,5800,28,0,150.0,967.2664647861374,88.98462500292226,5777.098170001409,112.35714285714286
1673017933,4,grpc,/pb.AuthService/SignInUser,0.428571,0.000000,3800,3800,5800,5800,5800,5800,5800,5800,5800,5800,5800,3,0,3800.0,4091.740780001904,2744.438377001643,5777.098170001409,491.0
1673017933,4,grpc,/pb.VacancyService/CreateVacancy,0.428571,0.000000,150,150,150,150,180,180,180,180,180,180,180,6,0,93,125.69463916770474,88.98462500292226,181.79187500209082,87.0
1673017933,4,grpc,/pb.VacancyService/DeleteVacancy,0.000000,0.000000,120,120,190,190,190,190,190,190,190,190,190,6,0,190.0,1278.607313000369,119.1529999996419,2417.5940419991093,1.0
1673017933,4,grpc,/pb.VacancyService/GetVacancies,0.142857,0.000000,4600,4600,4600,4600,4600,4600,4600,4600,4600,4600,4600,1,0,4594.3159189992,4594.3159189992,4594.3159189992,4594.3159189992,100.0
1673017933,4,grpc,/pb.VacancyService/GetVacancy,0.428571,0.000000,120,120,120,120,290,290,290,290,290,290,290,6,0,120.0,146.46577066559985,109.72583300099359,289.67474999808474,87.16666666666667
1673017933,4,grpc,/pb.VacancyService/UpdateVacancy,0.428571,0.000000,170,170,170,170,180,180,180,180,180,180,180,6,0,140.0,151.5527363341486,115.94233400319354,176.82525000054738,87.0
1673017933,4,,Aggregated,1.857143,0.000000,150,180,2400,2400,3800,4600,5800,5800,5800,5800,5800,28,0,150.0,967.2664647861374,88.98462500292226,5777.098170001409,112.35714285714286
1673017934,4,grpc,/pb.AuthService/SignInUser,0.428571,0.000000,3800,3800,5800,5800,5800,5800,5800,5800,5800,5800,5800,3,0,3800.0,4091.740780001904,2744.438377001643,5777.098170001409,491.0
1673017934,4,grpc,/pb.VacancyService/CreateVacancy,0.428571,0.000000,150,150,150,150,180,180,180,180,180,180,180,6,0,93,125.69463916770474,88.98462500292226,181.79187500209082,87.0
1673017934,4,grpc,/pb.VacancyService/DeleteVacancy,0.000000,0.000000,120,120,190,190,190,190,190,190,190,190,190,6,0,190.0,1278.607313000369,119.1529999996419,2417.5940419991093,1.0
1673017934,4,grpc,/pb.VacancyService/GetVacancies,0.142857,0.000000,4600,4600,4600,4600,4600,4600,4600,4600,4600,4600,4600,1,0,4594.3159189992,4594.3159189992,4594.3159189992,4594.3159189992,100.0
1673017934,4,grpc,/pb.VacancyService/GetVacancy,0.428571,0.000000,120,120,120,120,290,290,290,290,290,290,290,6,0,120.0,146.46577066559985,109.72583300099359,289.67474999808474,87.16666666666667
1673017934,4,grpc,/pb.VacancyService/UpdateVacancy,0.428571,0.000000,170,170,170,170,180,180,180,180,180,180,180,6,0,140.0,151.5527363341486,115.94233400319354,176.82525000054738,87.0
1673017934,4,,Aggregated,1.857143,0.000000,150,180,2400,2400,3800,4600,5800,5800,5800,5800,5800,28,0,150.0,967.2664647861374,88.98462500292226,5777.098170001409,112.35714285714286
1673017935,4,grpc,/pb.AuthService/SignInUser,0.428571,0.000000,3800,3800,5800,5800,5800,5800,5800,5800,5800,5800,5800,3,0,3800.0,4091.740780001904,2744.438377001643,5777.098170001409,491.0
1673017935,4,grpc,/pb.VacancyService/CreateVacancy,0.428571,0.000000,150,150,150,150,180,180,180,180,180,180,180,6,0,93,125.69463916770474,88.98462500292226,181.79187500209082,87.0
1673017935,4,grpc,/pb.VacancyService/DeleteVacancy,0.000000,0.000000,120,120,190,190,190,190,190,190,190,190,190,6,0,190.0,1278.607313000369,119.1529999996419,2417.5940419991093,1.0
1673017935,4,grpc,/pb.VacancyService/GetVacancies,0.142857,0.000000,4600,4600,4600,4600,4600,4600,4600,4600,4600,4600,4600,1,0,4594.3159189992,4594.3159189992,4594.3159189992,4594.3159189992,100.0
1673017935,4,grpc,/pb.VacancyService/GetVacancy,0.428571,0.000000,120,120,120,120,290,290,290,290,290,290,290,6,0,120.0,146.46577066559985,109.72583300099359,289.67474999808474,87.16666666666667
1673017935,4,grpc,/pb.VacancyService/UpdateVacancy,0.428571,0.000000,170,170,170,170,180,180,180,180,180,180,180,6,0,140.0,151.5527363341486,115.94233400319354,176.82525000054738,87.0
1673017935,4,,Aggregated,1.857143,0.000000,130,170,180,190,2400,2400,2400,2400,2400,2400,2400,28,0,150.0,967.2664647861374,88.98462500292226,5777.098170001409,112.35714285714286
1673017936,4,grpc,/pb.AuthService/SignInUser,0.428571,0.000000,3800,3800,5800,5800,5800,5800,5800,5800,5800,5800,5800,3,0,3800.0,4091.740780001904,2744.438377001643,5777.098170001409,491.0
1673017936,4,grpc,/pb.VacancyService/CreateVacancy,0.428571,0.000000,150,150,150,150,180,180,180,180,180,180,180,6,0,93,125.69463916770474,88.98462500292226,181.79187500209082,87.0
1673017936,4,grpc,/pb.VacancyService/DeleteVacancy,0.000000,0.000000,120,120,190,190,190,190,190,190,190,190,190,6,0,190.0,1278.607313000369,119.1529999996419,2417.5940419991093,1.0
1673017936,4,grpc,/pb.VacancyService/GetVacancies,0.142857,0.000000,4600,4600,4600,4600,4600,4600,4600,4600,4600,4600,4600,1,0,4594.3159189992,4594.3159189992,4594.3159189992,4594.3159189992,100.0
1673017936,4,grpc,/pb.VacancyService/GetVacancy,0.428571,0.000000,120,120,120,120,290,290,290,290,290,290,290,6,0,120.0,146.46577066559985,109.72583300099359,289.67474999808474,87.16666666666667
1673017936,4,grpc,/pb.VacancyService/UpdateVacancy,0.428571,0.000000,170,170,170,170,180,180,180,180,180,180,180,6,0,140.0,151.5527363341486,115.94233400319354,176.82525000054738,87.0
1673017936,4,,Aggregated,1.857143,0.000000,130,170,180,190,2400,2400,2400,2400,2400,2400,2400,28,0,150.0,967.2664647861374,88.98462500292226,5777.098170001409,112.35714285714286
1673017937,4,grpc,/pb.AuthService/SignInUser,0.428571,0.000000,3800,3800,5800,5800,5800,5800,5800,5800,5800,5800,5800,3,0,3800.0,4091.740780001904,2744.438377001643,5777.098170001409,491.0
1673017937,4,grpc,/pb.VacancyService/CreateVacancy,0.428571,0.000000,150,150,150,150,180,180,180,180,180,180,180,6,0,93,125.69463916770474,88.98462500292226,181.79187500209082,87.0
1673017937,4,grpc,/pb.VacancyService/DeleteVacancy,0.000000,0.000000,120,120,190,190,190,190,190,190,190,190,190,6,0,190.0,1278.607313000369,119.1529999996419,2417.5940419991093,1.0
1673017937,4,grpc,/pb.VacancyService/GetVacancies,0.142857,0.000000,4600,4600,4600,4600,4600,4600,4600,4600,4600,4600,4600,1,0,4594.3159189992,4594.3159189992,4594.3159189992,4594.3159189992,100.0
1673017937,4,grpc,/pb.VacancyService/GetVacancy,0.428571,0.000000,120,120,120,120,290,290,290,290,290,290,290,6,0,120.0,146.46577066559985,109.72583300099359,289.67474999808474,87.16666666666667
1673017937,4,grpc,/pb.VacancyService/UpdateVacancy,0.428571,0.000000,170,170,170,170,180,180,180,180,180,180,180,6,0,140.0,151.5527363341486,115.94233400319354,176.82525000054738,87.0
1673017937,4,,Aggregated,1.857143,0.000000,130,170,180,190,2400,2400,2400,2400,2400,2400,2400,28,0,150.0,967.2664647861374,88.98462500292226,5777.098170001409,112.35714285714286
1673017938,4,grpc,/pb.AuthService/SignInUser,0.428571,0.000000,3800,3800,5800,5800,5800,5800,5800,5800,5800,5800,5800,3,0,3800.0,4091.740780001904,2744.438377001643,5777.098170001409,491.0
1673017938,4,grpc,/pb.VacancyService/CreateVacancy,0.428571,0.000000,150,150,150,150,180,180,180,180,180,180,180,6,0,93,125.69463916770474,88.98462500292226,181.79187500209082,87.0
1673017938,4,grpc,/pb.VacancyService/DeleteVacancy,0.000000,0.000000,120,120,190,190,190,190,190,190,190,190,190,6,0,190.0,1278.607313000369,119.1529999996419,2417.5940419991093,1.0
1673017938,4,grpc,/pb.VacancyService/GetVacancies,0.142857,0.000000,4600,4600,4600,4600,4600,4600,4600,4600,4600,4600,4600,1,0,4594.3159189992,4594.3159189992,4594.3159189992,4594.3159189992,100.0
1673017938,4,grpc,/pb.VacancyService/GetVacancy,0.428571,0.000000,120,120,120,120,290,290,290,290,290,290,290,6,0,120.0,146.46577066559985,109.72583300099359,289.67474999808474,87.16666666666667
1673017938,4,grpc,/pb.VacancyService/UpdateVacancy,0.428571,0.000000,170,170,170,170,180,180,180,180,180,180,180,6,0,140.0,151.5527363341486,115.94233400319354,176.82525000054738,87.0
1673017938,4,,Aggregated,1.857143,0.000000,130,170,180,190,2400,2400,2400,2400,2400,2400,2400,28,0,150.0,967.2664647861374,88.98462500292226,5777.098170001409,112.35714285714286
1673017939,4,grpc,/pb.AuthService/SignInUser,0.428571,0.000000,3800,3800,5800,5800,5800,5800,5800,5800,5800,5800,5800,3,0,3800.0,4091.740780001904,2744.438377001643,5777.098170001409,491.0
1673017939,4,grpc,/pb.VacancyService/CreateVacancy,0.428571,0.000000,93,93,180,180,180,180,180,180,180,180,180,6,0,93,125.69463916770474,88.98462500292226,181.79187500209082,87.0
1673017939,4,grpc,/pb.VacancyService/DeleteVacancy,0.000000,0.000000,120,120,190,190,190,190,190,190,190,190,190,6,0,190.0,1278.607313000369,119.1529999996419,2417.5940419991093,1.0
1673017939,4,grpc,/pb.VacancyService/GetVacancies,0.142857,0.000000,4600,4600,4600,4600,4600,4600,4600,4600,4600,4600,4600,1,0,4594.3159189992,4594.3159189992,4594.3159189992,4594.3159189992,100.0
1673017939,4,grpc,/pb.VacancyService/GetVacancy,0.428571,0.000000,120,120,120,120,290,290,290,290,290,290,290,6,0,120.0,146.46577066559985,109.72583300099359,289.67474999808474,87.16666666666667
1673017939,4,grpc,/pb.VacancyService/UpdateVacancy,0.428571,0.000000,130,130,140,140,140,140,140,140,140,140,140,6,0,140.0,151.5527363341486,115.94233400319354,176.82525000054738,87.0
1673017939,4,,Aggregated,1.857143,0.000000,130,180,290,2400,2400,2400,2400,2400,2400,2400,2400,28,0,150.0,967.2664647861374,88.98462500292226,5777.098170001409,112.35714285714286
1673017940,4,grpc,/pb.AuthService/SignInUser,0.428571,0.000000,3800,3800,5800,5800,5800,5800,5800,5800,5800,5800,5800,3,0,3800.0,4091.740780001904,2744.438377001643,5777.098170001409,491.0
1673017940,4,grpc,/pb.VacancyService/CreateVacancy,0.428571,0.000000,180,180,180,180,180,180,180,180,180,180,180,6,0,93,125.69463916770474,88.98462500292226,181.79187500209082,87.0
1673017940,4,grpc,/pb.VacancyService/DeleteVacancy,0.000000,0.000000,120,120,190,190,190,190,190,190,190,190,190,6,0,190.0,1278.607313000369,119.1529999996419,2417.5940419991093,1.0
1673017940,4,grpc,/pb.VacancyService/GetVacancies,0.142857,0.000000,4600,4600,4600,4600,4600,4600,4600,4600,4600,4600,4600,1,0,4594.3159189992,4594.3159189992,4594.3159189992,4594.3159189992,100.0
1673017940,4,grpc,/pb.VacancyService/GetVacancy,0.428571,0.000000,110,110,290,290,290,290,290,290,290,290,290,6,0,120.0,146.46577066559985,109.72583300099359,289.67474999808474,87.16666666666667
1673017940,4,grpc,/pb.VacancyService/UpdateVacancy,0.428571,0.000000,120,120,120,120,120,120,120,120,120,120,120,6,0,140.0,151.5527363341486,115.94233400319354,176.82525000054738,87.0
1673017940,4,,Aggregated,1.857143,0.000000,120,180,190,190,290,290,290,290,290,290,290,28,0,150.0,967.2664647861374,88.98462500292226,5777.098170001409,112.35714285714286
1673017941,4,grpc,/pb.AuthService/SignInUser,0.428571,0.000000,3800,3800,5800,5800,5800,5800,5800,5800,5800,5800,5800,3,0,3800.0,4091.740780001904,2744.438377001643,5777.098170001409,491.0
1673017941,4,grpc,/pb.VacancyService/CreateVacancy,0.428571,0.000000,180,180,180,180,180,180,180,180,180,180,180,6,0,93,125.69463916770474,88.98462500292226,181.79187500209082,87.0
1673017941,4,grpc,/pb.VacancyService/DeleteVacancy,0.000000,0.000000,120,120,190,190,190,190,190,190,190,190,190,6,0,190.0,1278.607313000369,119.1529999996419,2417.5940419991093,1.0
1673017941,4,grpc,/pb.VacancyService/GetVacancies,0.142857,0.000000,4600,4600,4600,4600,4600,4600,4600,4600,4600,4600,4600,1,0,4594.3159189992,4594.3159189992,4594.3159189992,4594.3159189992,100.0
1673017941,4,grpc,/pb.VacancyService/GetVacancy,0.428571,0.000000,110,110,290,290,290,290,290,290,290,290,290,6,0,120.0,146.46577066559985,109.72583300099359,289.67474999808474,87.16666666666667
1673017941,4,grpc,/pb.VacancyService/UpdateVacancy,0.428571,0.000000,120,120,120,120,120,120,120,120,120,120,120,6,0,140.0,151.5527363341486,115.94233400319354,176.82525000054738,87.0
1673017941,4,,Aggregated,1.857143,0.000000,120,180,190,190,290,290,290,290,290,290,290,28,0,150.0,967.2664647861374,88.98462500292226,5777.098170001409,112.35714285714286
1673017942,4,grpc,/pb.AuthService/SignInUser,0.428571,0.000000,3800,3800,5800,5800,5800,5800,5800,5800,5800,5800,5800,3,0,3800.0,4091.740780001904,2744.438377001643,5777.098170001409,491.0
1673017942,4,grpc,/pb.VacancyService/CreateVacancy,0.428571,0.000000,180,180,180,180,180,180,180,180,180,180,180,6,0,93,125.69463916770474,88.98462500292226,181.79187500209082,87.0
1673017942,4,grpc,/pb.VacancyService/DeleteVacancy,0.000000,0.000000,120,120,190,190,190,190,190,190,190,190,190,6,0,190.0,1278.607313000369,119.1529999996419,2417.5940419991093,1.0
1673017942,4,grpc,/pb.VacancyService/GetVacancies,0.142857,0.000000,4600,4600,4600,4600,4600,4600,4600,4600,4600,4600,4600,1,0,4594.3159189992,4594.3159189992,4594.3159189992,4594.3159189992,100.0
1673017942,4,grpc,/pb.VacancyService/GetVacancy,0.428571,0.000000,110,110,290,290,290,290,290,290,290,290,290,6,0,120.0,146.46577066559985,109.72583300099359,289.67474999808474,87.16666666666667
1673017942,4,grpc,/pb.VacancyService/UpdateVacancy,0.428571,0.000000,120,120,120,120,120,120,120,120,120,120,120,6,0,140.0,151.5527363341486,115.94233400319354,176.82525000054738,87.0
1673017942,4,,Aggregated,1.857143,0.000000,120,180,190,190,290,290,290,290,290,290,290,28,0,150.0,967.2664647861374,88.98462500292226,5777.098170001409,112.35714285714286
1673017943,4,grpc,/pb.AuthService/SignInUser,0.428571,0.000000,3800,3800,5800,5800,5800,5800,5800,5800,5800,5800,5800,3,0,3800.0,4091.740780001904,2744.438377001643,5777.098170001409,491.0
1673017943,4,grpc,/pb.VacancyService/CreateVacancy,0.428571,0.000000,180,180,180,180,180,180,180,180,180,180,180,6,0,93,125.69463916770474,88.98462500292226,181.79187500209082,87.0
1673017943,4,grpc,/pb.VacancyService/DeleteVacancy,0.000000,0.000000,120,120,190,190,190,190,190,190,190,190,190,6,0,190.0,1278.607313000369,119.1529999996419,2417.5940419991093,1.0
1673017943,4,grpc,/pb.VacancyService/GetVacancies,0.142857,0.000000,4600,4600,4600,4600,4600,4600,4600,4600,4600,4600,4600,1,0,4594.3159189992,4594.3159189992,4594.3159189992,4594.3159189992,100.0
1673017943,4,grpc,/pb.VacancyService/GetVacancy,0.428571,0.000000,110,110,290,290,290,290,290,290,290,290,290,6,0,120.0,146.46577066559985,109.72583300099359,289.67474999808474,87.16666666666667
1673017943,4,grpc,/pb.VacancyService/UpdateVacancy,0.428571,0.000000,120,120,120,120,120,120,120,120,120,120,120,6,0,140.0,151.5527363341486,115.94233400319354,176.82525000054738,87.0
1673017943,4,,Aggregated,1.857143,0.000000,120,180,190,190,290,290,290,290,290,290,290,28,0,150.0,967.2664647861374,88.98462500292226,5777.098170001409,112.35714285714286
1673017944,4,grpc,/pb.AuthService/SignInUser,0.428571,0.000000,3800,3800,5800,5800,5800,5800,5800,5800,5800,5800,5800,3,0,3800.0,4091.740780001904,2744.438377001643,5777.098170001409,491.0
1673017944,4,grpc,/pb.VacancyService/CreateVacancy,0.428571,0.000000,180,180,180,180,180,180,180,180,180,180,180,6,0,93,125.69463916770474,88.98462500292226,181.79187500209082,87.0
1673017944,4,grpc,/pb.VacancyService/DeleteVacancy,0.000000,0.000000,120,120,190,190,190,190,190,190,190,190,190,6,0,190.0,1278.607313000369,119.1529999996419,2417.5940419991093,1.0
1673017944,4,grpc,/pb.VacancyService/GetVacancies,0.142857,0.000000,4600,4600,4600,4600,4600,4600,4600,4600,4600,4600,4600,1,0,4594.3159189992,4594.3159189992,4594.3159189992,4594.3159189992,100.0
1673017944,4,grpc,/pb.VacancyService/GetVacancy,0.428571,0.000000,110,110,290,290,290,290,290,290,290,290,290,6,0,120.0,146.46577066559985,109.72583300099359,289.67474999808474,87.16666666666667
1673017944,4,grpc,/pb.VacancyService/UpdateVacancy,0.428571,0.000000,120,120,120,120,120,120,120,120,120,120,120,6,0,140.0,151.5527363341486,115.94233400319354,176.82525000054738,87.0
1673017944,4,,Aggregated,1.857143,0.000000,120,180,190,190,290,290,290,290,290,290,290,28,0,150.0,967.2664647861374,88.98462500292226,5777.098170001409,112.35714285714286
1673017945,4,grpc,/pb.AuthService/SignInUser,0.428571,0.000000,3800,3800,5800,5800,5800,5800,5800,5800,5800,5800,5800,3,0,3800.0,4091.740780001904,2744.438377001643,5777.098170001409,491.0
1673017945,4,grpc,/pb.VacancyService/CreateVacancy,0.428571,0.000000,180,180,180,180,180,180,180,180,180,180,180,6,0,93,125.69463916770474,88.98462500292226,181.79187500209082,87.0
1673017945,4,grpc,/pb.VacancyService/DeleteVacancy,0.000000,0.000000,120,120,190,190,190,190,190,190,190,190,190,6,0,190.0,1278.607313000369,119.1529999996419,2417.5940419991093,1.0
1673017945,4,grpc,/pb.VacancyService/GetVacancies,0.142857,0.000000,4600,4600,4600,4600,4600,4600,4600,4600,4600,4600,4600,1,0,4594.3159189992,4594.3159189992,4594.3159189992,4594.3159189992,100.0
1673017945,4,grpc,/pb.VacancyService/GetVacancy,0.428571,0.000000,110,110,290,290,290,290,290,290,290,290,290,6,0,120.0,146.46577066559985,109.72583300099359,289.67474999808474,87.16666666666667
1673017945,4,grpc,/pb.VacancyService/UpdateVacancy,0.428571,0.000000,120,120,120,120,120,120,120,120,120,120,120,6,0,140.0,151.5527363341486,115.94233400319354,176.82525000054738,87.0
1673017945,4,,Aggregated,1.857143,0.000000,120,180,190,190,290,290,290,290,290,290,290,28,0,150.0,967.2664647861374,88.98462500292226,5777.098170001409,112.35714285714286
1673017946,4,grpc,/pb.AuthService/SignInUser,0.428571,0.000000,0,0,0,0,0,0,0,0,0,0,0,3,0,3800.0,4091.740780001904,2744.438377001643,5777.098170001409,491.0
1673017946,4,grpc,/pb.VacancyService/CreateVacancy,0.428571,0.000000,180,180,180,180,180,180,180,180,180,180,180,6,0,93,125.69463916770474,88.98462500292226,181.79187500209082,87.0
1673017946,4,grpc,/pb.VacancyService/DeleteVacancy,0.000000,0.000000,120,120,190,190,190,190,190,190,190,190,190,6,0,190.0,1278.607313000369,119.1529999996419,2417.5940419991093,1.0
1673017946,4,grpc,/pb.VacancyService/GetVacancies,0.142857,0.000000,0,0,0,0,0,0,0,0,0,0,0,1,0,4594.3159189992,4594.3159189992,4594.3159189992,4594.3159189992,100.0
1673017946,4,grpc,/pb.VacancyService/GetVacancy,0.428571,0.000000,110,110,290,290,290,290,290,290,290,290,290,6,0,120.0,146.46577066559985,109.72583300099359,289.67474999808474,87.16666666666667
1673017946,4,grpc,/pb.VacancyService/UpdateVacancy,0.428571,0.000000,120,120,120,120,120,120,120,120,120,120,120,6,0,140.0,151.5527363341486,115.94233400319354,176.82525000054738,87.0
1673017946,4,,Aggregated,1.857143,0.000000,120,180,190,190,290,290,290,290,290,290,290,28,0,150.0,967.2664647861374,88.98462500292226,5777.098170001409,112.35714285714286
1673017947,4,grpc,/pb.AuthService/SignInUser,0.428571,0.000000,0,0,0,0,0,0,0,0,0,0,0,3,0,3800.0,4091.740780001904,2744.438377001643,5777.098170001409,491.0
1673017947,4,grpc,/pb.VacancyService/CreateVacancy,0.428571,0.000000,180,180,180,180,180,180,180,180,180,180,180,6,0,93,125.69463916770474,88.98462500292226,181.79187500209082,87.0
1673017947,4,grpc,/pb.VacancyService/DeleteVacancy,0.000000,0.000000,120,120,190,190,190,190,190,190,190,190,190,6,0,190.0,1278.607313000369,119.1529999996419,2417.5940419991093,1.0
1673017947,4,grpc,/pb.VacancyService/GetVacancies,0.142857,0.000000,0,0,0,0,0,0,0,0,0,0,0,1,0,4594.3159189992,4594.3159189992,4594.3159189992,4594.3159189992,100.0
1673017947,4,grpc,/pb.VacancyService/GetVacancy,0.428571,0.000000,110,110,290,290,290,290,290,290,290,290,290,6,0,120.0,146.46577066559985,109.72583300099359,289.67474999808474,87.16666666666667
1673017947,4,grpc,/pb.VacancyService/UpdateVacancy,0.428571,0.000000,120,120,120,120,120,120,120,120,120,120,120,6,0,140.0,151.5527363341486,115.94233400319354,176.82525000054738,87.0
1673017947,4,,Aggregated,1.857143,0.000000,120,180,190,190,290,290,290,290,290,290,290,28,0,150.0,967.2664647861374,88.98462500292226,5777.098170001409,112.35714285714286
1673017948,4,grpc,/pb.AuthService/SignInUser,0.428571,0.000000,0,0,0,0,0,0,0,0,0,0,0,3,0,3800.0,4091.740780001904,2744.438377001643,5777.098170001409,491.0
1673017948,4,grpc,/pb.VacancyService/CreateVacancy,0.428571,0.000000,180,180,180,180,180,180,180,180,180,180,180,6,0,93,125.69463916770474,88.98462500292226,181.79187500209082,87.0
1673017948,4,grpc,/pb.VacancyService/DeleteVacancy,0.000000,0.000000,120,120,190,190,190,190,190,190,190,190,190,6,0,190.0,1278.607313000369,119.1529999996419,2417.5940419991093,1.0
1673017948,4,grpc,/pb.VacancyService/GetVacancies,0.142857,0.000000,0,0,0,0,0,0,0,0,0,0,0,1,0,4594.3159189992,4594.3159189992,4594.3159189992,4594.3159189992,100.0
1673017948,4,grpc,/pb.VacancyService/GetVacancy,0.428571,0.000000,110,110,290,290,290,290,290,290,290,290,290,6,0,120.0,146.46577066559985,109.72583300099359,289.67474999808474,87.16666666666667
1673017948,4,grpc,/pb.VacancyService/UpdateVacancy,0.428571,0.000000,120,120,120,120,120,120,120,120,120,120,120,6,0,140.0,151.5527363341486,115.94233400319354,176.82525000054738,87.0
1673017948,4,,Aggregated,1.857143,0.000000,120,180,190,190,290,290,290,290,290,290,290,28,0,150.0,967.2664647861374,88.98462500292226,5777.098170001409,112.35714285714286
1673017949,4,grpc,/pb.AuthService/SignInUser,0.428571,0.000000,0,0,0,0,0,0,0,0,0,0,0,3,0,3800.0,4091.740780001904,2744.438377001643,5777.098170001409,491.0
1673017949,4,grpc,/pb.VacancyService/CreateVacancy,0.428571,0.000000,0,0,0,0,0,0,0,0,0,0,0,6,0,93,125.69463916770474,88.98462500292226,181.79187500209082,87.0
1673017949,4,grpc,/pb.VacancyService/DeleteVacancy,0.000000,0.000000,0,0,0,0,0,0,0,0,0,0,0,6,0,190.0,1278.607313000369,119.1529999996419,2417.5940419991093,1.0
1673017949,4,grpc,/pb.VacancyService/GetVacancies,0.142857,0.000000,0,0,0,0,0,0,0,0,0,0,0,1,0,4594.3159189992,4594.3159189992,4594.3159189992,4594.3159189992,100.0
1673017949,4,grpc,/pb.VacancyService/GetVacancy,0.428571,0.000000,0,0,0,0,0,0,0,0,0,0,0,6,0,120.0,146.46577066559985,109.72583300099359,289.67474999808474,87.16666666666667
1673017949,4,grpc,/pb.VacancyService/UpdateVacancy,0.428571,0.000000,0,0,0,0,0,0,0,0,0,0,0,6,0,140.0,151.5527363341486,115.94233400319354,176.82525000054738,87.0
1673017949,4,,Aggregated,1.857143,0.000000,0,0,0,0,0,0,0,0,0,0,0,28,0,150.0,967.2664647861374,88.98462500292226,5777.098170001409,112.35714285714286
1673017950,4,grpc,/pb.AuthService/SignInUser,0.428571,0.000000,0,0,0,0,0,0,0,0,0,0,0,3,0,3800.0,4091.740780001904,2744.438377001643,5777.098170001409,491.0
1673017950,4,grpc,/pb.VacancyService/CreateVacancy,0.428571,0.000000,0,0,0,0,0,0,0,0,0,0,0,6,0,93,125.69463916770474,88.98462500292226,181.79187500209082,87.0
1673017950,4,grpc,/pb.VacancyService/DeleteVacancy,0.000000,0.000000,0,0,0,0,0,0,0,0,0,0,0,6,0,190.0,1278.607313000369,119.1529999996419,2417.5940419991093,1.0
1673017950,4,grpc,/pb.VacancyService/GetVacancies,0.142857,0.000000,0,0,0,0,0,0,0,0,0,0,0,1,0,4594.3159189992,4594.3159189992,4594.3159189992,4594.3159189992,100.0
1673017950,4,grpc,/pb.VacancyService/GetVacancy,0.428571,0.000000,0,0,0,0,0,0,0,0,0,0,0,6,0,120.0,146.46577066559985,109.72583300099359,289.67474999808474,87.16666666666667
1673017950,4,grpc,/pb.VacancyService/UpdateVacancy,0.428571,0.000000,0,0,0,0,0,0,0,0,0,0,0,6,0,140.0,151.5527363341486,115.94233400319354,176.82525000054738,87.0
1673017950,4,,Aggregated,1.857143,0.000000,0,0,0,0,0,0,0,0,0,0,0,28,0,150.0,967.2664647861374,88.98462500292226,5777.098170001409,112.35714285714286
1673017951,4,grpc,/pb.AuthService/SignInUser,0.428571,0.000000,0,0,0,0,0,0,0,0,0,0,0,3,0,3800.0,4091.740780001904,2744.438377001643,5777.098170001409,491.0
1673017951,4,grpc,/pb.VacancyService/CreateVacancy,0.428571,0.000000,0,0,0,0,0,0,0,0,0,0,0,6,0,93,125.69463916770474,88.98462500292226,181.79187500209082,87.0
1673017951,4,grpc,/pb.VacancyService/DeleteVacancy,0.000000,0.000000,0,0,0,0,0,0,0,0,0,0,0,6,0,190.0,1278.607313000369,119.1529999996419,2417.5940419991093,1.0
1673017951,4,grpc,/pb.VacancyService/GetVacancies,0.142857,0.000000,0,0,0,0,0,0,0,0,0,0,0,1,0,4594.3159189992,4594.3159189992,4594.3159189992,4594.3159189992,100.0
1673017951,4,grpc,/pb.VacancyService/GetVacancy,0.428571,0.000000,0,0,0,0,0,0,0,0,0,0,0,6,0,120.0,146.46577066559985,109.72583300099359,289.67474999808474,87.16666666666667
1673017951,4,grpc,/pb.VacancyService/UpdateVacancy,0.428571,0.000000,0,0,0,0,0,0,0,0,0,0,0,6,0,140.0,151.5527363341486,115.94233400319354,176.82525000054738,87.0
1673017951,4,,Aggregated,1.857143,0.000000,0,0,0,0,0,0,0,0,0,0,0,28,0,150.0,967.2664647861374,88.98462500292226,5777.098170001409,112.35714285714286
1673017952,4,grpc,/pb.AuthService/SignInUser,0.428571,0.000000,0,0,0,0,0,0,0,0,0,0,0,3,0,3800.0,4091.740780001904,2744.438377001643,5777.098170001409,491.0
1673017952,4,grpc,/pb.VacancyService/CreateVacancy,0.428571,0.000000,0,0,0,0,0,0,0,0,0,0,0,6,0,93,125.69463916770474,88.98462500292226,181.79187500209082,87.0
1673017952,4,grpc,/pb.VacancyService/DeleteVacancy,0.000000,0.000000,0,0,0,0,0,0,0,0,0,0,0,6,0,190.0,1278.607313000369,119.1529999996419,2417.5940419991093,1.0
1673017952,4,grpc,/pb.VacancyService/GetVacancies,0.142857,0.000000,0,0,0,0,0,0,0,0,0,0,0,1,0,4594.3159189992,4594.3159189992,4594.3159189992,4594.3159189992,100.0
1673017952,4,grpc,/pb.VacancyService/GetVacancy,0.428571,0.000000,0,0,0,0,0,0,0,0,0,0,0,6,0,120.0,146.46577066559985,109.72583300099359,289.67474999808474,87.16666666666667
1673017952,4,grpc,/pb.VacancyService/UpdateVacancy,0.428571,0.000000,0,0,0,0,0,0,0,0,0,0,0,6,0,140.0,151.5527363341486,115.94233400319354,176.82525000054738,87.0
1673017952,4,,Aggregated,1.857143,0.000000,0,0,0,0,0,0,0,0,0,0,0,28,0,150.0,967.2664647861374,88.98462500292226,5777.098170001409,112.35714285714286
1673017953,4,grpc,/pb.AuthService/SignInUser,0.428571,0.000000,0,0,0,0,0,0,0,0,0,0,0,3,0,3800.0,4091.740780001904,2744.438377001643,5777.098170001409,491.0
1673017953,4,grpc,/pb.VacancyService/CreateVacancy,0.428571,0.000000,0,0,0,0,0,0,0,0,0,0,0,6,0,93,125.69463916770474,88.98462500292226,181.79187500209082,87.0
1673017953,4,grpc,/pb.VacancyService/DeleteVacancy,0.000000,0.000000,0,0,0,0,0,0,0,0,0,0,0,6,0,190.0,1278.607313000369,119.1529999996419,2417.5940419991093,1.0
1673017953,4,grpc,/pb.VacancyService/GetVacancies,0.142857,0.000000,0,0,0,0,0,0,0,0,0,0,0,1,0,4594.3159189992,4594.3159189992,4594.3159189992,4594.3159189992,100.0
1673017953,4,grpc,/pb.VacancyService/GetVacancy,0.428571,0.000000,0,0,0,0,0,0,0,0,0,0,0,6,0,120.0,146.46577066559985,109.72583300099359,289.67474999808474,87.16666666666667
1673017953,4,grpc,/pb.VacancyService/UpdateVacancy,0.428571,0.000000,0,0,0,0,0,0,0,0,0,0,0,6,0,140.0,151.5527363341486,115.94233400319354,176.82525000054738,87.0
1673017953,4,,Aggregated,1.857143,0.000000,0,0,0,0,0,0,0,0,0,0,0,28,0,150.0,967.2664647861374,88.98462500292226,5777.098170001409,112.35714285714286
1673017954,4,grpc,/pb.AuthService/SignInUser,0.428571,0.000000,0,0,0,0,0,0,0,0,0,0,0,3,0,3800.0,4091.740780001904,2744.438377001643,5777.098170001409,491.0
1673017954,4,grpc,/pb.VacancyService/CreateVacancy,0.428571,0.000000,0,0,0,0,0,0,0,0,0,0,0,6,0,93,125.69463916770474,88.98462500292226,181.79187500209082,87.0
1673017954,4,grpc,/pb.VacancyService/DeleteVacancy,0.000000,0.000000,0,0,0,0,0,0,0,0,0,0,0,6,0,190.0,1278.607313000369,119.1529999996419,2417.5940419991093,1.0
1673017954,4,grpc,/pb.VacancyService/GetVacancies,0.142857,0.000000,0,0,0,0,0,0,0,0,0,0,0,1,0,4594.3159189992,4594.3159189992,4594.3159189992,4594.3159189992,100.0
1673017954,4,grpc,/pb.VacancyService/GetVacancy,0.428571,0.000000,0,0,0,0,0,0,0,0,0,0,0,6,0,120.0,146.46577066559985,109.72583300099359,289.67474999808474,87.16666666666667
1673017954,4,grpc,/pb.VacancyService/UpdateVacancy,0.428571,0.000000,0,0,0,0,0,0,0,0,0,0,0,6,0,140.0,151.5527363341486,115.94233400319354,176.82525000054738,87.0
1673017954,4,,Aggregated,1.857143,0.000000,0,0,0,0,0,0,0,0,0,0,0,28,0,150.0,967.2664647861374,88.98462500292226,5777.098170001409,112.35714285714286
1673017955,4,grpc,/pb.AuthService/SignInUser,0.428571,0.000000,0,0,0,0,0,0,0,0,0,0,0,3,0,3800.0,4091.740780001904,2744.438377001643,5777.098170001409,491.0
1673017955,4,grpc,/pb.VacancyService/CreateVacancy,0.428571,0.000000,0,0,0,0,0,0,0,0,0,0,0,6,0,93,125.69463916770474,88.98462500292226,181.79187500209082,87.0
1673017955,4,grpc,/pb.VacancyService/DeleteVacancy,0.000000,0.000000,0,0,0,0,0,0,0,0,0,0,0,6,0,190.0,1278.607313000369,119.1529999996419,2417.5940419991093,1.0
1673017955,4,grpc,/pb.VacancyService/GetVacancies,0.142857,0.000000,0,0,0,0,0,0,0,0,0,0,0,1,0,4594.3159189992,4594.3159189992,4594.3159189992,4594.3159189992,100.0
1673017955,4,grpc,/pb.VacancyService/GetVacancy,0.428571,0.000000,0,0,0,0,0,0,0,0,0,0,0,6,0,120.0,146.46577066559985,109.72583300099359,289.67474999808474,87.16666666666667
1673017955,4,grpc,/pb.VacancyService/UpdateVacancy,0.428571,0.000000,0,0,0,0,0,0,0,0,0,0,0,6,0,140.0,151.5527363341486,115.94233400319354,176.82525000054738,87.0
1673017955,4,,Aggregated,1.857143,0.000000,0,0,0,0,0,0,0,0,0,0,0,28,0,150.0,967.2664647861374,88.98462500292226,5777.098170001409,112.35714285714286
1673017956,4,grpc,/pb.AuthService/SignInUser,0.428571,0.000000,0,0,0,0,0,0,0,0,0,0,0,3,0,3800.0,4091.740780001904,2744.438377001643,5777.098170001409,491.0
1673017956,4,grpc,/pb.VacancyService/CreateVacancy,0.428571,0.000000,0,0,0,0,0,0,0,0,0,0,0,6,0,93,125.69463916770474,88.98462500292226,181.79187500209082,87.0
1673017956,4,grpc,/pb.VacancyService/DeleteVacancy,0.000000,0.000000,0,0,0,0,0,0,0,0,0,0,0,6,0,190.0,1278.607313000369,119.1529999996419,2417.5940419991093,1.0
1673017956,4,grpc,/pb.VacancyService/GetVacancies,0.142857,0.000000,0,0,0,0,0,0,0,0,0,0,0,1,0,4594.3159189992,4594.3159189992,4594.3159189992,4594.3159189992,100.0
1673017956,4,grpc,/pb.VacancyService/GetVacancy,0.428571,0.000000,0,0,0,0,0,0,0,0,0,0,0,6,0,120.0,146.46577066559985,109.72583300099359,289.67474999808474,87.16666666666667
1673017956,4,grpc,/pb.VacancyService/UpdateVacancy,0.428571,0.000000,0,0,0,0,0,0,0,0,0,0,0,6,0,140.0,151.5527363341486,115.94233400319354,176.82525000054738,87.0
1673017956,4,,Aggregated,1.857143,0.000000,0,0,0,0,0,0,0,0,0,0,0,28,0,150.0,967.2664647861374,88.98462500292226,5777.098170001409,112.35714285714286
1673017957,4,grpc,/pb.AuthService/SignInUser,0.428571,0.000000,0,0,0,0,0,0,0,0,0,0,0,3,0,3800.0,4091.740780001904,2744.438377001643,5777.098170001409,491.0
1673017957,4,grpc,/pb.VacancyService/CreateVacancy,0.428571,0.000000,0,0,0,0,0,0,0,0,0,0,0,6,0,93,125.69463916770474,88.98462500292226,181.79187500209082,87.0
1673017957,4,grpc,/pb.VacancyService/DeleteVacancy,0.000000,0.000000,0,0,0,0,0,0,0,0,0,0,0,6,0,190.0,1278.607313000369,119.1529999996419,2417.5940419991093,1.0
1673017957,4,grpc,/pb.VacancyService/GetVacancies,0.142857,0.000000,0,0,0,0,0,0,0,0,0,0,0,1,0,4594.3159189992,4594.3159189992,4594.3159189992,4594.3159189992,100.0
1673017957,4,grpc,/pb.VacancyService/GetVacancy,0.428571,0.000000,0,0,0,0,0,0,0,0,0,0,0,6,0,120.0,146.46577066559985,109.72583300099359,289.67474999808474,87.16666666666667
1673017957,4,grpc,/pb.VacancyService/UpdateVacancy,0.428571,0.000000,0,0,0,0,0,0,0,0,0,0,0,6,0,140.0,151.5527363341486,115.94233400319354,176.82525000054738,87.0
1673017957,4,,Aggregated,1.857143,0.000000,0,0,0,0,0,0,0,0,0,0,0,28,0,150.0,967.2664647861374,88.98462500292226,5777.098170001409,112.35714285714286
1673017958,4,grpc,/pb.AuthService/SignInUser,0.428571,0.000000,0,0,0,0,0,0,0,0,0,0,0,3,0,3800.0,4091.740780001904,2744.438377001643,5777.098170001409,491.0
1673017958,4,grpc,/pb.VacancyService/CreateVacancy,0.428571,0.000000,0,0,0,0,0,0,0,0,0,0,0,6,0,93,125.69463916770474,88.98462500292226,181.79187500209082,87.0
1673017958,4,grpc,/pb.VacancyService/DeleteVacancy,0.000000,0.000000,0,0,0,0,0,0,0,0,0,0,0,6,0,190.0,1278.607313000369,119.1529999996419,2417.5940419991093,1.0
1673017958,4,grpc,/pb.VacancyService/GetVacancies,0.142857,0.000000,0,0,0,0,0,0,0,0,0,0,0,1,0,4594.3159189992,4594.3159189992,4594.3159189992,4594.3159189992,100.0
1673017958,4,grpc,/pb.VacancyService/GetVacancy,0.428571,0.000000,0,0,0,0,0,0,0,0,0,0,0,6,0,120.0,146.46577066559985,109.72583300099359,289.67474999808474,87.16666666666667
1673017958,4,grpc,/pb.VacancyService/UpdateVacancy,0.428571,0.000000,0,0,0,0,0,0,0,0,0,0,0,6,0,140.0,151.5527363341486,115.94233400319354,176.82525000054738,87.0
1673017958,4,,Aggregated,1.857143,0.000000,0,0,0,0,0,0,0,0,0,0,0,28,0,150.0,967.2664647861374,88.98462500292226,5777.098170001409,112.35714285714286
1673017959,4,grpc,/pb.AuthService/SignInUser,0.428571,0.000000,0,0,0,0,0,0,0,0,0,0,0,3,0,3800.0,4091.740780001904,2744.438377001643,5777.098170001409,491.0
1673017959,4,grpc,/pb.VacancyService/CreateVacancy,0.428571,0.000000,0,0,0,0,0,0,0,0,0,0,0,6,0,93,125.69463916770474,88.98462500292226,181.79187500209082,87.0
1673017959,4,grpc,/pb.VacancyService/DeleteVacancy,0.000000,0.000000,0,0,0,0,0,0,0,0,0,0,0,6,0,190.0,1278.607313000369,119.1529999996419,2417.5940419991093,1.0
1673017959,4,grpc,/pb.VacancyService/GetVacancies,0.142857,0.000000,0,0,0,0,0,0,0,0,0,0,0,1,0,4594.3159189992,4594.3159189992,4594.3159189992,4594.3159189992,100.0
1673017959,4,grpc,/pb.VacancyService/GetVacancy,0.428571,0.000000,0,0,0,0,0,0,0,0,0,0,0,6,0,120.0,146.46577066559985,109.72583300099359,289.67474999808474,87.16666666666667
1673017959,4,grpc,/pb.VacancyService/UpdateVacancy,0.428571,0.000000,0,0,0,0,0,0,0,0,0,0,0,6,0,140.0,151.5527363341486,115.94233400319354,176.82525000054738,87.0
1673017959,4,,Aggregated,1.857143,0.000000,0,0,0,0,0,0,0,0,0,0,0,28,0,150.0,967.2664647861374,88.98462500292226,5777.098170001409,112.35714285714286
1673017960,4,grpc,/pb.AuthService/SignInUser,0.428571,0.000000,0,0,0,0,0,0,0,0,0,0,0,3,0,3800.0,4091.740780001904,2744.438377001643,5777.098170001409,491.0
1673017960,4,grpc,/pb.VacancyService/CreateVacancy,0.428571,0.000000,0,0,0,0,0,0,0,0,0,0,0,6,0,93,125.69463916770474,88.98462500292226,181.79187500209082,87.0
1673017960,4,grpc,/pb.VacancyService/DeleteVacancy,0.000000,0.000000,0,0,0,0,0,0,0,0,0,0,0,6,0,190.0,1278.607313000369,119.1529999996419,2417.5940419991093,1.0
1673017960,4,grpc,/pb.VacancyService/GetVacancies,0.142857,0.000000,0,0,0,0,0,0,0,0,0,0,0,1,0,4594.3159189992,4594.3159189992,4594.3159189992,4594.3159189992,100.0
1673017960,4,grpc,/pb.VacancyService/GetVacancy,0.428571,0.000000,0,0,0,0,0,0,0,0,0,0,0,6,0,120.0,146.46577066559985,109.72583300099359,289.67474999808474,87.16666666666667
1673017960,4,grpc,/pb.VacancyService/UpdateVacancy,0.428571,0.000000,0,0,0,0,0,0,0,0,0,0,0,6,0,140.0,151.5527363341486,115.94233400319354,176.82525000054738,87.0
1673017960,4,,Aggregated,1.857143,0.000000,0,0,0,0,0,0,0,0,0,0,0,28,0,150.0,967.2664647861374,88.98462500292226,5777.098170001409,112.35714285714286
1673017961,4,grpc,/pb.AuthService/SignInUser,0.000000,0.000000,0,0,0,0,0,0,0,0,0,0,0,3,0,3800.0,4091.740780001904,2744.438377001643,5777.098170001409,491.0
1673017961,4,grpc,/pb.VacancyService/CreateVacancy,0.000000,0.000000,89,89,89,89,89,89,89,89,89,89,89,8,0,91,115.20200562563332,78.5834589987644,181.79187500209082,87.25
1673017961,4,grpc,/pb.VacancyService/DeleteVacancy,0.000000,0.000000,0,0,0,0,0,0,0,0,0,0,0,8,0,150.0,992.1843233751133,117.57379199843854,2417.5940419991093,1.25
1673017961,4,grpc,/pb.VacancyService/GetVacancies,0.000000,0.000000,0,0,0,0,0,0,0,0,0,0,0,1,0,4594.3159189992,4594.3159189992,4594.3159189992,4594.3159189992,100.0
1673017961,4,grpc,/pb.VacancyService/GetVacancy,0.000000,0.000000,0,0,0,0,0,0,0,0,0,0,0,8,0,120.0,147.1269528742596,109.72583300099359,289.67474999808474,87.375
1673017961,4,grpc,/pb.VacancyService/UpdateVacancy,0.000000,0.000000,170,170,170,170,170,170,170,170,170,170,170,8,0,140.0,149.624890875657,115.07920900112367,176.82525000054738,87.25
1673017961,4,,Aggregated,0.000000,0.000000,120,150,170,170,180,180,180,180,180,180,180,36,0,140.0,780.6289900280616,78.5834589987644,5777.098170001409,102.16666666666667
1673017962,4,grpc,/pb.AuthService/SignInUser,0.000000,0.000000,0,0,0,0,0,0,0,0,0,0,0,3,0,3800.0,4091.740780001904,2744.438377001643,5777.098170001409,491.0
1673017962,4,grpc,/pb.VacancyService/CreateVacancy,0.000000,0.000000,79,79,89,89,89,89,89,89,89,89,89,9,0,91,109.19562066717643,61.14454099952127,181.79187500209082,87.11111111111111
1673017962,4,grpc,/pb.VacancyService/DeleteVacancy,0.000000,0.000000,150,150,160,160,160,160,160,160,160,160,160,9,0,160.0,899.4775050002014,117.57379199843854,2417.5940419991093,1.3333333333333333
1673017962,4,grpc,/pb.VacancyService/GetVacancies,0.000000,0.000000,0,0,0,0,0,0,0,0,0,0,0,1,0,4594.3159189992,4594.3159189992,4594.3159189992,4594.3159189992,100.0
1673017962,4,grpc,/pb.VacancyService/GetVacancy,0.000000,0.000000,120,120,180,180,180,180,180,180,180,180,180,9,0,120.0,143.6602497770865,109.72583300099359,289.67474999808474,87.33333333333333
1673017962,4,grpc,/pb.VacancyService/UpdateVacancy,0.000000,0.000000,120,120,170,170,170,170,170,170,170,170,170,9,0,140.0,146.88078266731787,115.07920900112367,176.82525000054738,87.22222222222223
1673017962,4,,Aggregated,0.000000,0.000000,120,120,160,160,170,180,180,180,180,180,180,40,0,130.0,714.0616420502738,61.14454099952127,5777.098170001409,98.5
1673017963,4,grpc,/pb.AuthService/SignInUser,0.000000,0.000000,0,0,0,0,0,0,0,0,0,0,0,3,0,3800.0,4091.740780001904,2744.438377001643,5777.098170001409,491.0
1673017963,4,grpc,/pb.VacancyService/CreateVacancy,0.000000,0.000000,79,79,89,89,89,89,89,89,89,89,89,9,0,91,109.19562066717643,61.14454099952127,181.79187500209082,87.11111111111111
1673017963,4,grpc,/pb.VacancyService/DeleteVacancy,0.000000,0.000000,150,150,160,160,160,160,160,160,160,160,160,9,0,160.0,899.4775050002014,117.57379199843854,2417.5940419991093,1.3333333333333333
1673017963,4,grpc,/pb.VacancyService/GetVacancies,0.000000,0.000000,0,0,0,0,0,0,0,0,0,0,0,1,0,4594.3159189992,4594.3159189992,4594.3159189992,4594.3159189992,100.0
1673017963,4,grpc,/pb.VacancyService/GetVacancy,0.000000,0.000000,120,120,180,180,180,180,180,180,180,180,180,9,0,120.0,143.6602497770865,109.72583300099359,289.67474999808474,87.33333333333333
1673017963,4,grpc,/pb.VacancyService/UpdateVacancy,0.000000,0.000000,120,120,170,170,170,170,170,170,170,170,170,9,0,140.0,146.88078266731787,115.07920900112367,176.82525000054738,87.22222222222223
1673017963,4,,Aggregated,0.000000,0.000000,120,120,160,160,170,180,180,180,180,180,180,40,0,130.0,714.0616420502738,61.14454099952127,5777.098170001409,98.5
1673017964,4,grpc,/pb.AuthService/SignInUser,0.000000,0.000000,0,0,0,0,0,0,0,0,0,0,0,3,0,3800.0,4091.740780001904,2744.438377001643,5777.098170001409,491.0
1673017964,4,grpc,/pb.VacancyService/CreateVacancy,0.000000,0.000000,79,79,89,89,89,89,89,89,89,89,89,9,0,91,109.19562066717643,61.14454099952127,181.79187500209082,87.11111111111111
1673017964,4,grpc,/pb.VacancyService/DeleteVacancy,0.000000,0.000000,150,150,160,160,160,160,160,160,160,160,160,9,0,160.0,899.4775050002014,117.57379199843854,2417.5940419991093,1.3333333333333333
1673017964,4,grpc,/pb.VacancyService/GetVacancies,0.000000,0.000000,0,0,0,0,0,0,0,0,0,0,0,1,0,4594.3159189992,4594.3159189992,4594.3159189992,4594.3159189992,100.0
1673017964,4,grpc,/pb.VacancyService/GetVacancy,0.000000,0.000000,120,120,180,180,180,180,180,180,180,180,180,9,0,120.0,143.6602497770865,109.72583300099359,289.67474999808474,87.33333333333333
1673017964,4,grpc,/pb.VacancyService/UpdateVacancy,0.000000,0.000000,120,120,170,170,170,170,170,170,170,170,170,9,0,140.0,146.88078266731787,115.07920900112367,176.82525000054738,87.22222222222223
1673017964,4,,Aggregated,0.000000,0.000000,120,120,160,160,170,180,180,180,180,180,180,40,0,130.0,714.0616420502738,61.14454099952127,5777.098170001409,98.5
1673017965,4,grpc,/pb.AuthService/SignInUser,0.000000,0.000000,0,0,0,0,0,0,0,0,0,0,0,3,0,3800.0,4091.740780001904,2744.438377001643,5777.098170001409,491.0
1673017965,4,grpc,/pb.VacancyService/CreateVacancy,0.000000,0.000000,79,79,89,89,89,89,89,89,89,89,89,9,0,91,109.19562066717643,61.14454099952127,181.79187500209082,87.11111111111111
1673017965,4,grpc,/pb.VacancyService/DeleteVacancy,0.000000,0.000000,150,150,160,160,160,160,160,160,160,160,160,9,0,160.0,899.4775050002014,117.57379199843854,2417.5940419991093,1.3333333333333333
1673017965,4,grpc,/pb.VacancyService/GetVacancies,0.000000,0.000000,0,0,0,0,0,0,0,0,0,0,0,1,0,4594.3159189992,4594.3159189992,4594.3159189992,4594.3159189992,100.0
1673017965,4,grpc,/pb.VacancyService/GetVacancy,0.000000,0.000000,120,120,180,180,180,180,180,180,180,180,180,9,0,120.0,143.6602497770865,109.72583300099359,289.67474999808474,87.33333333333333
1673017965,4,grpc,/pb.VacancyService/UpdateVacancy,0.000000,0.000000,120,120,170,170,170,170,170,170,170,170,170,9,0,140.0,146.88078266731787,115.07920900112367,176.82525000054738,87.22222222222223
1673017965,4,,Aggregated,0.000000,0.000000,120,120,160,160,170,180,180,180,180,180,180,40,0,130.0,714.0616420502738,61.14454099952127,5777.098170001409,98.5
1673017966,4,grpc,/pb.AuthService/SignInUser,0.000000,0.000000,0,0,0,0,0,0,0,0,0,0,0,3,0,3800.0,4091.740780001904,2744.438377001643,5777.098170001409,491.0
1673017966,4,grpc,/pb.VacancyService/CreateVacancy,0.000000,0.000000,79,79,89,89,89,89,89,89,89,89,89,9,0,91,109.19562066717643,61.14454099952127,181.79187500209082,87.11111111111111
1673017966,4,grpc,/pb.VacancyService/DeleteVacancy,0.000000,0.000000,150,150,160,160,160,160,160,160,160,160,160,9,0,160.0,899.4775050002014,117.57379199843854,2417.5940419991093,1.3333333333333333
1673017966,4,grpc,/pb.VacancyService/GetVacancies,0.000000,0.000000,0,0,0,0,0,0,0,0,0,0,0,1,0,4594.3159189992,4594.3159189992,4594.3159189992,4594.3159189992,100.0
1673017966,4,grpc,/pb.VacancyService/GetVacancy,0.000000,0.000000,120,120,180,180,180,180,180,180,180,180,180,9,0,120.0,143.6602497770865,109.72583300099359,289.67474999808474,87.33333333333333
1673017966,4,grpc,/pb.VacancyService/UpdateVacancy,0.000000,0.000000,120,120,170,170,170,170,170,170,170,170,170,9,0,140.0,146.88078266731787,115.07920900112367,176.82525000054738,87.22222222222223
1673017966,4,,Aggregated,0.000000,0.000000,120,120,160,160,170,180,180,180,180,180,180,40,0,130.0,714.0616420502738,61.14454099952127,5777.098170001409,98.5
1673017967,4,grpc,/pb.AuthService/SignInUser,0.000000,0.000000,0,0,0,0,0,0,0,0,0,0,0,3,0,3800.0,4091.740780001904,2744.438377001643,5777.098170001409,491.0
1673017967,4,grpc,/pb.VacancyService/CreateVacancy,0.000000,0.000000,79,79,89,89,89,89,89,89,89,89,89,9,0,91,109.19562066717643,61.14454099952127,181.79187500209082,87.11111111111111
1673017967,4,grpc,/pb.VacancyService/DeleteVacancy,0.000000,0.000000,150,150,160,160,160,160,160,160,160,160,160,9,0,160.0,899.4775050002014,117.57379199843854,2417.5940419991093,1.3333333333333333
1673017967,4,grpc,/pb.VacancyService/GetVacancies,0.000000,0.000000,0,0,0,0,0,0,0,0,0,0,0,1,0,4594.3159189992,4594.3159189992,4594.3159189992,4594.3159189992,100.0
1673017967,4,grpc,/pb.VacancyService/GetVacancy,0.000000,0.000000,120,120,180,180,180,180,180,180,180,180,180,9,0,120.0,143.6602497770865,109.72583300099359,289.67474999808474,87.33333333333333
1673017967,4,grpc,/pb.VacancyService/UpdateVacancy,0.000000,0.000000,120,120,170,170,170,170,170,170,170,170,170,9,0,140.0,146.88078266731787,115.07920900112367,176.82525000054738,87.22222222222223
1673017967,4,,Aggregated,0.000000,0.000000,120,120,160,160,170,180,180,180,180,180,180,40,0,130.0,714.0616420502738,61.14454099952127,5777.098170001409,98.5
1673017968,4,grpc,/pb.AuthService/SignInUser,0.000000,0.000000,0,0,0,0,0,0,0,0,0,0,0,3,0,3800.0,4091.740780001904,2744.438377001643,5777.098170001409,491.0
1673017968,4,grpc,/pb.VacancyService/CreateVacancy,0.000000,0.000000,79,79,89,89,89,89,89,89,89,89,89,9,0,91,109.19562066717643,61.14454099952127,181.79187500209082,87.11111111111111
1673017968,4,grpc,/pb.VacancyService/DeleteVacancy,0.000000,0.000000,150,150,160,160,160,160,160,160,160,160,160,9,0,160.0,899.4775050002014,117.57379199843854,2417.5940419991093,1.3333333333333333
1673017968,4,grpc,/pb.VacancyService/GetVacancies,0.000000,0.000000,0,0,0,0,0,0,0,0,0,0,0,1,0,4594.3159189992,4594.3159189992,4594.3159189992,4594.3159189992,100.0
1673017968,4,grpc,/pb.VacancyService/GetVacancy,0.000000,0.000000,120,120,180,180,180,180,180,180,180,180,180,9,0,120.0,143.6602497770865,109.72583300099359,289.67474999808474,87.33333333333333
1673017968,4,grpc,/pb.VacancyService/UpdateVacancy,0.000000,0.000000,120,120,170,170,170,170,170,170,170,170,170,9,0,140.0,146.88078266731787,115.07920900112367,176.82525000054738,87.22222222222223
1673017968,4,,Aggregated,0.000000,0.000000,120,120,160,160,170,180,180,180,180,180,180,40,0,130.0,714.0616420502738,61.14454099952127,5777.098170001409,98.5
1673017969,4,grpc,/pb.AuthService/SignInUser,0.000000,0.000000,0,0,0,0,0,0,0,0,0,0,0,3,0,3800.0,4091.740780001904,2744.438377001643,5777.098170001409,491.0
1673017969,4,grpc,/pb.VacancyService/CreateVacancy,0.000000,0.000000,79,79,89,89,89,89,89,89,89,89,89,9,0,91,109.19562066717643,61.14454099952127,181.79187500209082,87.11111111111111
1673017969,4,grpc,/pb.VacancyService/DeleteVacancy,0.000000,0.000000,150,150,160,160,160,160,160,160,160,160,160,9,0,160.0,899.4775050002014,117.57379199843854,2417.5940419991093,1.3333333333333333
1673017969,4,grpc,/pb.VacancyService/GetVacancies,0.000000,0.000000,0,0,0,0,0,0,0,0,0,0,0,1,0,4594.3159189992,4594.3159189992,4594.3159189992,4594.3159189992,100.0
1673017969,4,grpc,/pb.VacancyService/GetVacancy,0.000000,0.000000,120,120,180,180,180,180,180,180,180,180,180,9,0,120.0,143.6602497770865,109.72583300099359,289.67474999808474,87.33333333333333
1673017969,4,grpc,/pb.VacancyService/UpdateVacancy,0.000000,0.000000,120,120,170,170,170,170,170,170,170,170,170,9,0,140.0,146.88078266731787,115.07920900112367,176.82525000054738,87.22222222222223
1673017969,4,,Aggregated,0.000000,0.000000,120,120,160,160,170,180,180,180,180,180,180,40,0,130.0,714.0616420502738,61.14454099952127,5777.098170001409,98.5
1673017970,4,grpc,/pb.AuthService/SignInUser,0.000000,0.000000,0,0,0,0,0,0,0,0,0,0,0,3,0,3800.0,4091.740780001904,2744.438377001643,5777.098170001409,491.0
1673017970,4,grpc,/pb.VacancyService/CreateVacancy,0.000000,0.000000,79,79,79,79,79,79,79,79,79,79,79,9,0,91,109.19562066717643,61.14454099952127,181.79187500209082,87.11111111111111
1673017970,4,grpc,/pb.VacancyService/DeleteVacancy,0.000000,0.000000,150,150,160,160,160,160,160,160,160,160,160,9,0,160.0,899.4775050002014,117.57379199843854,2417.5940419991093,1.3333333333333333
1673017970,4,grpc,/pb.VacancyService/GetVacancies,0.000000,0.000000,0,0,0,0,0,0,0,0,0,0,0,1,0,4594.3159189992,4594.3159189992,4594.3159189992,4594.3159189992,100.0
1673017970,4,grpc,/pb.VacancyService/GetVacancy,0.000000,0.000000,120,120,180,180,180,180,180,180,180,180,180,9,0,120.0,143.6602497770865,109.72583300099359,289.67474999808474,87.33333333333333
1673017970,4,grpc,/pb.VacancyService/UpdateVacancy,0.000000,0.000000,170,170,170,170,170,170,170,170,170,170,170,9,0,140.0,146.88078266731787,115.07920900112367,176.82525000054738,87.22222222222223
1673017970,4,,Aggregated,0.000000,0.000000,120,150,160,170,180,180,180,180,180,180,180,40,0,130.0,714.0616420502738,61.14454099952127,5777.098170001409,98.5
1673017971,4,grpc,/pb.AuthService/SignInUser,0.000000,0.000000,0,0,0,0,0,0,0,0,0,0,0,3,0,3800.0,4091.740780001904,2744.438377001643,5777.098170001409,491.0
1673017971,4,grpc,/pb.VacancyService/CreateVacancy,0.000000,0.000000,79,79,79,79,79,79,79,79,79,79,79,9,0,91,109.19562066717643,61.14454099952127,181.79187500209082,87.11111111111111
1673017971,4,grpc,/pb.VacancyService/DeleteVacancy,0.000000,0.000000,160,160,160,160,160,160,160,160,160,160,160,9,0,160.0,899.4775050002014,117.57379199843854,2417.5940419991093,1.3333333333333333
1673017971,4,grpc,/pb.VacancyService/GetVacancies,0.000000,0.000000,0,0,0,0,0,0,0,0,0,0,0,1,0,4594.3159189992,4594.3159189992,4594.3159189992,4594.3159189992,100.0
1673017971,4,grpc,/pb.VacancyService/GetVacancy,0.000000,0.000000,120,120,120,120,120,120,120,120,120,120,120,9,0,120.0,143.6602497770865,109.72583300099359,289.67474999808474,87.33333333333333
1673017971,4,grpc,/pb.VacancyService/UpdateVacancy,0.000000,0.000000,120,120,120,120,120,120,120,120,120,120,120,9,0,140.0,146.88078266731787,115.07920900112367,176.82525000054738,87.22222222222223
1673017971,4,,Aggregated,0.000000,0.000000,120,120,160,160,160,160,160,160,160,160,160,40,0,130.0,714.0616420502738,61.14454099952127,5777.098170001409,98.5
1673017972,4,grpc,/pb.AuthService/SignInUser,0.000000,0.000000,0,0,0,0,0,0,0,0,0,0,0,3,0,3800.0,4091.740780001904,2744.438377001643,5777.098170001409,491.0
1673017972,4,grpc,/pb.VacancyService/CreateVacancy,0.000000,0.000000,79,79,79,79,79,79,79,79,79,79,79,9,0,91,109.19562066717643,61.14454099952127,181.79187500209082,87.11111111111111
1673017972,4,grpc,/pb.VacancyService/DeleteVacancy,0.000000,0.000000,160,160,160,160,160,160,160,160,160,160,160,9,0,160.0,899.4775050002014,117.57379199843854,2417.5940419991093,1.3333333333333333
1673017972,4,grpc,/pb.VacancyService/GetVacancies,0.000000,0.000000,0,0,0,0,0,0,0,0,0,0,0,1,0,4594.3159189992,4594.3159189992,4594.3159189992,4594.3159189992,100.0
1673017972,4,grpc,/pb.VacancyService/GetVacancy,0.000000,0.000000,120,120,120,120,120,120,120,120,120,120,120,9,0,120.0,143.6602497770865,109.72583300099359,289.67474999808474,87.33333333333333
1673017972,4,grpc,/pb.VacancyService/UpdateVacancy,0.000000,0.000000,120,120,120,120,120,120,120,120,120,120,120,9,0,140.0,146.88078266731787,115.07920900112367,176.82525000054738,87.22222222222223
1673017972,4,,Aggregated,0.000000,0.000000,120,120,160,160,160,160,160,160,160,160,160,40,0,130.0,714.0616420502738,61.14454099952127,5777.098170001409,98.5
1673017973,4,grpc,/pb.AuthService/SignInUser,0.000000,0.000000,0,0,0,0,0,0,0,0,0,0,0,3,0,3800.0,4091.740780001904,2744.438377001643,5777.098170001409,491.0
1673017973,4,grpc,/pb.VacancyService/CreateVacancy,0.300000,0.000000,79,79,79,79,79,79,79,79,79,79,79,9,0,91,109.19562066717643,61.14454099952127,181.79187500209082,87.11111111111111
1673017973,4,grpc,/pb.VacancyService/DeleteVacancy,0.300000,0.000000,160,160,160,160,160,160,160,160,160,160,160,9,0,160.0,899.4775050002014,117.57379199843854,2417.5940419991093,1.3333333333333333
1673017973,4,grpc,/pb.VacancyService/GetVacancies,0.000000,0.000000,220,220,220,220,220,220,220,220,220,220,220,2,0,220.0,2405.633771999419,216.95162499963772,4594.3159189992,100.0
1673017973,4,grpc,/pb.VacancyService/GetVacancy,0.300000,0.000000,120,120,120,120,120,120,120,120,120,120,120,9,0,120.0,143.6602497770865,109.72583300099359,289.67474999808474,87.33333333333333
1673017973,4,grpc,/pb.VacancyService/UpdateVacancy,0.300000,0.000000,120,120,120,120,120,120,120,120,120,120,120,9,0,140.0,146.88078266731787,115.07920900112367,176.82525000054738,87.22222222222223
1673017973,4,,Aggregated,1.200000,0.000000,160,160,220,220,220,220,220,220,220,220,220,41,0,140.0,701.9370074880632,61.14454099952127,5777.098170001409,98.53658536585365
1673017974,4,grpc,/pb.AuthService/SignInUser,0.000000,0.000000,0,0,0,0,0,0,0,0,0,0,0,3,0,3800.0,4091.740780001904,2744.438377001643,5777.098170001409,491.0
1673017974,4,grpc,/pb.VacancyService/CreateVacancy,0.300000,0.000000,79,79,79,79,79,79,79,79,79,79,79,9,0,91,109.19562066717643,61.14454099952127,181.79187500209082,87.11111111111111
1673017974,4,grpc,/pb.VacancyService/DeleteVacancy,0.300000,0.000000,160,160,160,160,160,160,160,160,160,160,160,9,0,160.0,899.4775050002014,117.57379199843854,2417.5940419991093,1.3333333333333333
1673017974,4,grpc,/pb.VacancyService/GetVacancies,0.000000,0.000000,220,220,220,220,220,220,220,220,220,220,220,2,0,220.0,2405.633771999419,216.95162499963772,4594.3159189992,100.0
1673017974,4,grpc,/pb.VacancyService/GetVacancy,0.300000,0.000000,120,120,120,120,120,120,120,120,120,120,120,9,0,120.0,143.6602497770865,109.72583300099359,289.67474999808474,87.33333333333333
1673017974,4,grpc,/pb.VacancyService/UpdateVacancy,0.300000,0.000000,120,120,120,120,120,120,120,120,120,120,120,9,0,140.0,146.88078266731787,115.07920900112367,176.82525000054738,87.22222222222223
1673017974,4,,Aggregated,1.200000,0.000000,160,160,220,220,220,220,220,220,220,220,220,41,0,140.0,701.9370074880632,61.14454099952127,5777.098170001409,98.53658536585365
1673017975,4,grpc,/pb.AuthService/SignInUser,0.000000,0.000000,0,0,0,0,0,0,0,0,0,0,0,3,0,3800.0,4091.740780001904,2744.438377001643,5777.098170001409,491.0
1673017975,4,grpc,/pb.VacancyService/CreateVacancy,0.300000,0.000000,79,79,79,79,79,79,79,79,79,79,79,9,0,91,109.19562066717643,61.14454099952127,181.79187500209082,87.11111111111111
1673017975,4,grpc,/pb.VacancyService/DeleteVacancy,0.300000,0.000000,160,160,160,160,160,160,160,160,160,160,160,9,0,160.0,899.4775050002014,117.57379199843854,2417.5940419991093,1.3333333333333333
1673017975,4,grpc,/pb.VacancyService/GetVacancies,0.000000,0.000000,220,220,220,220,220,220,220,220,220,220,220,2,0,220.0,2405.633771999419,216.95162499963772,4594.3159189992,100.0
1673017975,4,grpc,/pb.VacancyService/GetVacancy,0.300000,0.000000,120,120,120,120,120,120,120,120,120,120,120,9,0,120.0,143.6602497770865,109.72583300099359,289.67474999808474,87.33333333333333
1673017975,4,grpc,/pb.VacancyService/UpdateVacancy,0.300000,0.000000,120,120,120,120,120,120,120,120,120,120,120,9,0,140.0,146.88078266731787,115.07920900112367,176.82525000054738,87.22222222222223
1673017975,4,,Aggregated,1.200000,0.000000,160,160,220,220,220,220,220,220,220,220,220,41,0,140.0,701.9370074880632,61.14454099952127,5777.098170001409,98.53658536585365
1673017976,4,grpc,/pb.AuthService/SignInUser,0.000000,0.000000,0,0,0,0,0,0,0,0,0,0,0,3,0,3800.0,4091.740780001904,2744.438377001643,5777.098170001409,491.0
1673017976,4,grpc,/pb.VacancyService/CreateVacancy,0.300000,0.000000,79,79,79,79,79,79,79,79,79,79,79,9,0,91,109.19562066717643,61.14454099952127,181.79187500209082,87.11111111111111
1673017976,4,grpc,/pb.VacancyService/DeleteVacancy,0.300000,0.000000,160,160,160,160,160,160,160,160,160,160,160,9,0,160.0,899.4775050002014,117.57379199843854,2417.5940419991093,1.3333333333333333
1673017976,4,grpc,/pb.VacancyService/GetVacancies,0.000000,0.000000,220,220,220,220,220,220,220,220,220,220,220,2,0,220.0,2405.633771999419,216.95162499963772,4594.3159189992,100.0
1673017976,4,grpc,/pb.VacancyService/GetVacancy,0.300000,0.000000,120,120,120,120,120,120,120,120,120,120,120,9,0,120.0,143.6602497770865,109.72583300099359,289.67474999808474,87.33333333333333
1673017976,4,grpc,/pb.VacancyService/UpdateVacancy,0.300000,0.000000,120,120,120,120,120,120,120,120,120,120,120,9,0,140.0,146.88078266731787,115.07920900112367,176.82525000054738,87.22222222222223
1673017976,4,,Aggregated,1.200000,0.000000,160,160,220,220,220,220,220,220,220,220,220,41,0,140.0,701.9370074880632,61.14454099952127,5777.098170001409,98.53658536585365
1673017977,4,grpc,/pb.AuthService/SignInUser,0.000000,0.000000,0,0,0,0,0,0,0,0,0,0,0,3,0,3800.0,4091.740780001904,2744.438377001643,5777.098170001409,491.0
1673017977,4,grpc,/pb.VacancyService/CreateVacancy,0.300000,0.000000,79,79,79,79,79,79,79,79,79,79,79,9,0,91,109.19562066717643,61.14454099952127,181.79187500209082,87.11111111111111
1673017977,4,grpc,/pb.VacancyService/DeleteVacancy,0.300000,0.000000,160,160,160,160,160,160,160,160,160,160,160,9,0,160.0,899.4775050002014,117.57379199843854,2417.5940419991093,1.3333333333333333
1673017977,4,grpc,/pb.VacancyService/GetVacancies,0.000000,0.000000,220,220,220,220,220,220,220,220,220,220,220,2,0,220.0,2405.633771999419,216.95162499963772,4594.3159189992,100.0
1673017977,4,grpc,/pb.VacancyService/GetVacancy,0.300000,0.000000,120,120,120,120,120,120,120,120,120,120,120,9,0,120.0,143.6602497770865,109.72583300099359,289.67474999808474,87.33333333333333
1673017977,4,grpc,/pb.VacancyService/UpdateVacancy,0.300000,0.000000,120,120,120,120,120,120,120,120,120,120,120,9,0,140.0,146.88078266731787,115.07920900112367,176.82525000054738,87.22222222222223
1673017977,4,,Aggregated,1.200000,0.000000,220,220,220,220,220,220,220,220,220,220,220,41,0,140.0,701.9370074880632,61.14454099952127,5777.098170001409,98.53658536585365
1673017978,4,grpc,/pb.AuthService/SignInUser,0.000000,0.000000,0,0,0,0,0,0,0,0,0,0,0,3,0,3800.0,4091.740780001904,2744.438377001643,5777.098170001409,491.0
1673017978,4,grpc,/pb.VacancyService/CreateVacancy,0.300000,0.000000,79,79,79,79,79,79,79,79,79,79,79,9,0,91,109.19562066717643,61.14454099952127,181.79187500209082,87.11111111111111
1673017978,4,grpc,/pb.VacancyService/DeleteVacancy,0.300000,0.000000,160,160,160,160,160,160,160,160,160,160,160,9,0,160.0,899.4775050002014,117.57379199843854,2417.5940419991093,1.3333333333333333
1673017978,4,grpc,/pb.VacancyService/GetVacancies,0.000000,0.000000,220,220,220,220,220,220,220,220,220,220,220,2,0,220.0,2405.633771999419,216.95162499963772,4594.3159189992,100.0
1673017978,4,grpc,/pb.VacancyService/GetVacancy,0.300000,0.000000,120,120,120,120,120,120,120,120,120,120,120,9,0,120.0,143.6602497770865,109.72583300099359,289.67474999808474,87.33333333333333
1673017978,4,grpc,/pb.VacancyService/UpdateVacancy,0.300000,0.000000,120,120,120,120,120,120,120,120,120,120,120,9,0,140.0,146.88078266731787,115.07920900112367,176.82525000054738,87.22222222222223
1673017978,4,,Aggregated,1.200000,0.000000,220,220,220,220,220,220,220,220,220,220,220,41,0,140.0,701.9370074880632,61.14454099952127,5777.098170001409,98.53658536585365
1673017979,4,grpc,/pb.AuthService/SignInUser,0.000000,0.000000,0,0,0,0,0,0,0,0,0,0,0,3,0,3800.0,4091.740780001904,2744.438377001643,5777.098170001409,491.0
1673017979,4,grpc,/pb.VacancyService/CreateVacancy,0.300000,0.000000,0,0,0,0,0,0,0,0,0,0,0,9,0,91,109.19562066717643,61.14454099952127,181.79187500209082,87.11111111111111
1673017979,4,grpc,/pb.VacancyService/DeleteVacancy,0.300000,0.000000,160,160,160,160,160,160,160,160,160,160,160,9,0,160.0,899.4775050002014,117.57379199843854,2417.5940419991093,1.3333333333333333
1673017979,4,grpc,/pb.VacancyService/GetVacancies,0.000000,0.000000,220,220,220,220,220,220,220,220,220,220,220,2,0,220.0,2405.633771999419,216.95162499963772,4594.3159189992,100.0
1673017979,4,grpc,/pb.VacancyService/GetVacancy,0.300000,0.000000,120,120,120,120,120,120,120,120,120,120,120,9,0,120.0,143.6602497770865,109.72583300099359,289.67474999808474,87.33333333333333
1673017979,4,grpc,/pb.VacancyService/UpdateVacancy,0.300000,0.000000,120,120,120,120,120,120,120,120,120,120,120,9,0,140.0,146.88078266731787,115.07920900112367,176.82525000054738,87.22222222222223
1673017979,4,,Aggregated,1.200000,0.000000,220,220,220,220,220,220,220,220,220,220,220,41,0,140.0,701.9370074880632,61.14454099952127,5777.098170001409,98.53658536585365
1673017980,4,grpc,/pb.AuthService/SignInUser,0.000000,0.000000,0,0,0,0,0,0,0,0,0,0,0,3,0,3800.0,4091.740780001904,2744.438377001643,5777.098170001409,491.0
1673017980,4,grpc,/pb.VacancyService/CreateVacancy,0.300000,0.000000,0,0,0,0,0,0,0,0,0,0,0,9,0,91,109.19562066717643,61.14454099952127,181.79187500209082,87.11111111111111
1673017980,4,grpc,/pb.VacancyService/DeleteVacancy,0.300000,0.000000,0,0,0,0,0,0,0,0,0,0,0,9,0,160.0,899.4775050002014,117.57379199843854,2417.5940419991093,1.3333333333333333
1673017980,4,grpc,/pb.VacancyService/GetVacancies,0.000000,0.000000,220,220,220,220,220,220,220,220,220,220,220,2,0,220.0,2405.633771999419,216.95162499963772,4594.3159189992,100.0
1673017980,4,grpc,/pb.VacancyService/GetVacancy,0.300000,0.000000,0,0,0,0,0,0,0,0,0,0,0,9,0,120.0,143.6602497770865,109.72583300099359,289.67474999808474,87.33333333333333
1673017980,4,grpc,/pb.VacancyService/UpdateVacancy,0.300000,0.000000,0,0,0,0,0,0,0,0,0,0,0,9,0,140.0,146.88078266731787,115.07920900112367,176.82525000054738,87.22222222222223
1673017980,4,,Aggregated,1.200000,0.000000,220,220,220,220,220,220,220,220,220,220,220,41,0,140.0,701.9370074880632,61.14454099952127,5777.098170001409,98.53658536585365
1673017981,4,grpc,/pb.AuthService/SignInUser,0.000000,0.000000,0,0,0,0,0,0,0,0,0,0,0,3,0,3800.0,4091.740780001904,2744.438377001643,5777.098170001409,491.0
1673017981,4,grpc,/pb.VacancyService/CreateVacancy,0.300000,0.000000,0,0,0,0,0,0,0,0,0,0,0,9,0,91,109.19562066717643,61.14454099952127,181.79187500209082,87.11111111111111
1673017981,4,grpc,/pb.VacancyService/DeleteVacancy,0.300000,0.000000,0,0,0,0,0,0,0,0,0,0,0,9,0,160.0,899.4775050002014,117.57379199843854,2417.5940419991093,1.3333333333333333
1673017981,4,grpc,/pb.VacancyService/GetVacancies,0.000000,0.000000,220,220,220,220,220,220,220,220,220,220,220,2,0,220.0,2405.633771999419,216.95162499963772,4594.3159189992,100.0
1673017981,4,grpc,/pb.VacancyService/GetVacancy,0.300000,0.000000,0,0,0,0,0,0,0,0,0,0,0,9,0,120.0,143.6602497770865,109.72583300099359,289.67474999808474,87.33333333333333
1673017981,4,grpc,/pb.VacancyService/UpdateVacancy,0.300000,0.000000,0,0,0,0,0,0,0,0,0,0,0,9,0,140.0,146.88078266731787,115.07920900112367,176.82525000054738,87.22222222222223
1673017981,4,,Aggregated,1.200000,0.000000,220,220,220,220,220,220,220,220,220,220,220,41,0,140.0,701.9370074880632,61.14454099952127,5777.098170001409,98.53658536585365
1673017983,4,grpc,/pb.AuthService/SignInUser,0.000000,0.000000,0,0,0,0,0,0,0,0,0,0,0,3,0,3800.0,4091.740780001904,2744.438377001643,5777.098170001409,491.0
1673017983,4,grpc,/pb.VacancyService/CreateVacancy,0.300000,0.000000,0,0,0,0,0,0,0,0,0,0,0,9,0,91,109.19562066717643,61.14454099952127,181.79187500209082,87.11111111111111
1673017983,4,grpc,/pb.VacancyService/DeleteVacancy,0.300000,0.000000,0,0,0,0,0,0,0,0,0,0,0,9,0,160.0,899.4775050002014,117.57379199843854,2417.5940419991093,1.3333333333333333
1673017983,4,grpc,/pb.VacancyService/GetVacancies,0.000000,0.000000,220,220,220,220,220,220,220,220,220,220,220,2,0,220.0,2405.633771999419,216.95162499963772,4594.3159189992,100.0
1673017983,4,grpc,/pb.VacancyService/GetVacancy,0.300000,0.000000,0,0,0,0,0,0,0,0,0,0,0,9,0,120.0,143.6602497770865,109.72583300099359,289.67474999808474,87.33333333333333
1673017983,4,grpc,/pb.VacancyService/UpdateVacancy,0.300000,0.000000,0,0,0,0,0,0,0,0,0,0,0,9,0,140.0,146.88078266731787,115.07920900112367,176.82525000054738,87.22222222222223
1673017983,4,,Aggregated,1.200000,0.000000,220,220,220,220,220,220,220,220,220,220,220,41,0,140.0,701.9370074880632,61.14454099952127,5777.098170001409,98.53658536585365
1673017984,4,grpc,/pb.AuthService/SignInUser,0.000000,0.000000,0,0,0,0,0,0,0,0,0,0,0,3,0,3800.0,4091.740780001904,2744.438377001643,5777.098170001409,491.0
1673017984,4,grpc,/pb.VacancyService/CreateVacancy,0.300000,0.000000,0,0,0,0,0,0,0,0,0,0,0,9,0,91,109.19562066717643,61.14454099952127,181.79187500209082,87.11111111111111
1673017984,4,grpc,/pb.VacancyService/DeleteVacancy,0.300000,0.000000,0,0,0,0,0,0,0,0,0,0,0,9,0,160.0,899.4775050002014,117.57379199843854,2417.5940419991093,1.3333333333333333
1673017984,4,grpc,/pb.VacancyService/GetVacancies,0.000000,0.000000,220,220,220,220,220,220,220,220,220,220,220,2,0,220.0,2405.633771999419,216.95162499963772,4594.3159189992,100.0
1673017984,4,grpc,/pb.VacancyService/GetVacancy,0.300000,0.000000,0,0,0,0,0,0,0,0,0,0,0,9,0,120.0,143.6602497770865,109.72583300099359,289.67474999808474,87.33333333333333
1673017984,4,grpc,/pb.VacancyService/UpdateVacancy,0.300000,0.000000,0,0,0,0,0,0,0,0,0,0,0,9,0,140.0,146.88078266731787,115.07920900112367,176.82525000054738,87.22222222222223
1673017984,4,,Aggregated,1.200000,0.000000,220,220,220,220,220,220,220,220,220,220,220,41,0,140.0,701.9370074880632,61.14454099952127,5777.098170001409,98.53658536585365
1673017985,4,grpc,/pb.AuthService/SignInUser,0.000000,0.000000,0,0,0,0,0,0,0,0,0,0,0,3,0,3800.0,4091.740780001904,2744.438377001643,5777.098170001409,491.0
1673017985,4,grpc,/pb.VacancyService/CreateVacancy,0.300000,0.000000,0,0,0,0,0,0,0,0,0,0,0,9,0,91,109.19562066717643,61.14454099952127,181.79187500209082,87.11111111111111
1673017985,4,grpc,/pb.VacancyService/DeleteVacancy,0.300000,0.000000,0,0,0,0,0,0,0,0,0,0,0,9,0,160.0,899.4775050002014,117.57379199843854,2417.5940419991093,1.3333333333333333
1673017985,4,grpc,/pb.VacancyService/GetVacancies,0.000000,0.000000,220,220,220,220,220,220,220,220,220,220,220,2,0,220.0,2405.633771999419,216.95162499963772,4594.3159189992,100.0
1673017985,4,grpc,/pb.VacancyService/GetVacancy,0.300000,0.000000,0,0,0,0,0,0,0,0,0,0,0,9,0,120.0,143.6602497770865,109.72583300099359,289.67474999808474,87.33333333333333
1673017985,4,grpc,/pb.VacancyService/UpdateVacancy,0.300000,0.000000,0,0,0,0,0,0,0,0,0,0,0,9,0,140.0,146.88078266731787,115.07920900112367,176.82525000054738,87.22222222222223
1673017985,4,,Aggregated,1.200000,0.000000,220,220,220,220,220,220,220,220,220,220,220,41,0,140.0,701.9370074880632,61.14454099952127,5777.098170001409,98.53658536585365
1673017986,4,grpc,/pb.AuthService/SignInUser,0.000000,0.000000,0,0,0,0,0,0,0,0,0,0,0,3,0,3800.0,4091.740780001904,2744.438377001643,5777.098170001409,491.0
1673017986,4,grpc,/pb.VacancyService/CreateVacancy,0.300000,0.000000,0,0,0,0,0,0,0,0,0,0,0,9,0,91,109.19562066717643,61.14454099952127,181.79187500209082,87.11111111111111
1673017986,4,grpc,/pb.VacancyService/DeleteVacancy,0.300000,0.000000,0,0,0,0,0,0,0,0,0,0,0,9,0,160.0,899.4775050002014,117.57379199843854,2417.5940419991093,1.3333333333333333
1673017986,4,grpc,/pb.VacancyService/GetVacancies,0.000000,0.000000,220,220,220,220,220,220,220,220,220,220,220,2,0,220.0,2405.633771999419,216.95162499963772,4594.3159189992,100.0
1673017986,4,grpc,/pb.VacancyService/GetVacancy,0.300000,0.000000,0,0,0,0,0,0,0,0,0,0,0,9,0,120.0,143.6602497770865,109.72583300099359,289.67474999808474,87.33333333333333
1673017986,4,grpc,/pb.VacancyService/UpdateVacancy,0.300000,0.000000,0,0,0,0,0,0,0,0,0,0,0,9,0,140.0,146.88078266731787,115.07920900112367,176.82525000054738,87.22222222222223
1673017986,4,,Aggregated,1.200000,0.000000,220,220,220,220,220,220,220,220,220,220,220,41,0,140.0,701.9370074880632,61.14454099952127,5777.098170001409,98.53658536585365
1673017987,4,grpc,/pb.AuthService/SignInUser,0.000000,0.000000,0,0,0,0,0,0,0,0,0,0,0,3,0,3800.0,4091.740780001904,2744.438377001643,5777.098170001409,491.0
1673017987,4,grpc,/pb.VacancyService/CreateVacancy,0.300000,0.000000,0,0,0,0,0,0,0,0,0,0,0,9,0,91,109.19562066717643,61.14454099952127,181.79187500209082,87.11111111111111
1673017987,4,grpc,/pb.VacancyService/DeleteVacancy,0.300000,0.000000,0,0,0,0,0,0,0,0,0,0,0,9,0,160.0,899.4775050002014,117.57379199843854,2417.5940419991093,1.3333333333333333
1673017987,4,grpc,/pb.VacancyService/GetVacancies,0.000000,0.000000,220,220,220,220,220,220,220,220,220,220,220,2,0,220.0,2405.633771999419,216.95162499963772,4594.3159189992,100.0
1673017987,4,grpc,/pb.VacancyService/GetVacancy,0.300000,0.000000,0,0,0,0,0,0,0,0,0,0,0,9,0,120.0,143.6602497770865,109.72583300099359,289.67474999808474,87.33333333333333
1673017987,4,grpc,/pb.VacancyService/UpdateVacancy,0.300000,0.000000,0,0,0,0,0,0,0,0,0,0,0,9,0,140.0,146.88078266731787,115.07920900112367,176.82525000054738,87.22222222222223
1673017987,4,,Aggregated,1.200000,0.000000,220,220,220,220,220,220,220,220,220,220,220,41,0,140.0,701.9370074880632,61.14454099952127,5777.098170001409,98.53658536585365
1673017988,4,grpc,/pb.AuthService/SignInUser,0.000000,0.000000,0,0,0,0,0,0,0,0,0,0,0,3,0,3800.0,4091.740780001904,2744.438377001643,5777.098170001409,491.0
1673017988,4,grpc,/pb.VacancyService/CreateVacancy,0.300000,0.000000,0,0,0,0,0,0,0,0,0,0,0,9,0,91,109.19562066717643,61.14454099952127,181.79187500209082,87.11111111111111
1673017988,4,grpc,/pb.VacancyService/DeleteVacancy,0.300000,0.000000,0,0,0,0,0,0,0,0,0,0,0,9,0,160.0,899.4775050002014,117.57379199843854,2417.5940419991093,1.3333333333333333
1673017988,4,grpc,/pb.VacancyService/GetVacancies,0.000000,0.000000,220,220,220,220,220,220,220,220,220,220,220,2,0,220.0,2405.633771999419,216.95162499963772,4594.3159189992,100.0
1673017988,4,grpc,/pb.VacancyService/GetVacancy,0.300000,0.000000,0,0,0,0,0,0,0,0,0,0,0,9,0,120.0,143.6602497770865,109.72583300099359,289.67474999808474,87.33333333333333
1673017988,4,grpc,/pb.VacancyService/UpdateVacancy,0.300000,0.000000,0,0,0,0,0,0,0,0,0,0,0,9,0,140.0,146.88078266731787,115.07920900112367,176.82525000054738,87.22222222222223
1673017988,4,,Aggregated,1.200000,0.000000,220,220,220,220,220,220,220,220,220,220,220,41,0,140.0,701.9370074880632,61.14454099952127,5777.098170001409,98.53658536585365
1673017989,4,grpc,/pb.AuthService/SignInUser,0.000000,0.000000,0,0,0,0,0,0,0,0,0,0,0,3,0,3800.0,4091.740780001904,2744.438377001643,5777.098170001409,491.0
1673017989,4,grpc,/pb.VacancyService/CreateVacancy,0.300000,0.000000,0,0,0,0,0,0,0,0,0,0,0,9,0,91,109.19562066717643,61.14454099952127,181.79187500209082,87.11111111111111
1673017989,4,grpc,/pb.VacancyService/DeleteVacancy,0.300000,0.000000,0,0,0,0,0,0,0,0,0,0,0,9,0,160.0,899.4775050002014,117.57379199843854,2417.5940419991093,1.3333333333333333
1673017989,4,grpc,/pb.VacancyService/GetVacancies,0.000000,0.000000,220,220,220,220,220,220,220,220,220,220,220,2,0,220.0,2405.633771999419,216.95162499963772,4594.3159189992,100.0
1673017989,4,grpc,/pb.VacancyService/GetVacancy,0.300000,0.000000,0,0,0,0,0,0,0,0,0,0,0,9,0,120.0,143.6602497770865,109.72583300099359,289.67474999808474,87.33333333333333
1673017989,4,grpc,/pb.VacancyService/UpdateVacancy,0.300000,0.000000,0,0,0,0,0,0,0,0,0,0,0,9,0,140.0,146.88078266731787,115.07920900112367,176.82525000054738,87.22222222222223
1673017989,4,,Aggregated,1.200000,0.000000,220,220,220,220,220,220,220,220,220,220,220,41,0,140.0,701.9370074880632,61.14454099952127,5777.098170001409,98.53658536585365
1673017990,4,grpc,/pb.AuthService/SignInUser,0.000000,0.000000,0,0,0,0,0,0,0,0,0,0,0,3,0,3800.0,4091.740780001904,2744.438377001643,5777.098170001409,491.0
1673017990,4,grpc,/pb.VacancyService/CreateVacancy,0.300000,0.000000,0,0,0,0,0,0,0,0,0,0,0,9,0,91,109.19562066717643,61.14454099952127,181.79187500209082,87.11111111111111
1673017990,4,grpc,/pb.VacancyService/DeleteVacancy,0.300000,0.000000,0,0,0,0,0,0,0,0,0,0,0,9,0,160.0,899.4775050002014,117.57379199843854,2417.5940419991093,1.3333333333333333
1673017990,4,grpc,/pb.VacancyService/GetVacancies,0.000000,0.000000,0,0,0,0,0,0,0,0,0,0,0,2,0,220.0,2405.633771999419,216.95162499963772,4594.3159189992,100.0
1673017990,4,grpc,/pb.VacancyService/GetVacancy,0.300000,0.000000,0,0,0,0,0,0,0,0,0,0,0,9,0,120.0,143.6602497770865,109.72583300099359,289.67474999808474,87.33333333333333
1673017990,4,grpc,/pb.VacancyService/UpdateVacancy,0.300000,0.000000,0,0,0,0,0,0,0,0,0,0,0,9,0,140.0,146.88078266731787,115.07920900112367,176.82525000054738,87.22222222222223
1673017990,4,,Aggregated,1.200000,0.000000,0,0,0,0,0,0,0,0,0,0,0,41,0,140.0,701.9370074880632,61.14454099952127,5777.098170001409,98.53658536585365
1673017991,4,grpc,/pb.AuthService/SignInUser,0.000000,0.000000,0,0,0,0,0,0,0,0,0,0,0,3,0,3800.0,4091.740780001904,2744.438377001643,5777.098170001409,491.0
1673017991,4,grpc,/pb.VacancyService/CreateVacancy,0.300000,0.000000,0,0,0,0,0,0,0,0,0,0,0,9,0,91,109.19562066717643,61.14454099952127,181.79187500209082,87.11111111111111
1673017991,4,grpc,/pb.VacancyService/DeleteVacancy,0.300000,0.000000,0,0,0,0,0,0,0,0,0,0,0,9,0,160.0,899.4775050002014,117.57379199843854,2417.5940419991093,1.3333333333333333
1673017991,4,grpc,/pb.VacancyService/GetVacancies,0.000000,0.000000,0,0,0,0,0,0,0,0,0,0,0,2,0,220.0,2405.633771999419,216.95162499963772,4594.3159189992,100.0
1673017991,4,grpc,/pb.VacancyService/GetVacancy,0.300000,0.000000,0,0,0,0,0,0,0,0,0,0,0,9,0,120.0,143.6602497770865,109.72583300099359,289.67474999808474,87.33333333333333
1673017991,4,grpc,/pb.VacancyService/UpdateVacancy,0.300000,0.000000,0,0,0,0,0,0,0,0,0,0,0,9,0,140.0,146.88078266731787,115.07920900112367,176.82525000054738,87.22222222222223
1673017991,4,,Aggregated,1.200000,0.000000,0,0,0,0,0,0,0,0,0,0,0,41,0,140.0,701.9370074880632,61.14454099952127,5777.098170001409,98.53658536585365
1673017992,4,grpc,/pb.AuthService/SignInUser,0.000000,0.000000,0,0,0,0,0,0,0,0,0,0,0,3,0,3800.0,4091.740780001904,2744.438377001643,5777.098170001409,491.0
1673017992,4,grpc,/pb.VacancyService/CreateVacancy,0.000000,0.000000,120,120,120,120,120,120,120,120,120,120,120,11,0,93,109.5830115459235,61.14454099952127,181.79187500209082,87.27272727272727
1673017992,4,grpc,/pb.VacancyService/DeleteVacancy,0.000000,0.000000,190,190,190,190,190,190,190,190,190,190,190,10,0,160.0,828.3074420003686,117.57379199843854,2417.5940419991093,1.4
1673017992,4,grpc,/pb.VacancyService/GetVacancies,0.000000,0.000000,0,0,0,0,0,0,0,0,0,0,0,2,0,220.0,2405.633771999419,216.95162499963772,4594.3159189992,100.0
1673017992,4,grpc,/pb.VacancyService/GetVacancy,0.000000,0.000000,160,160,160,160,160,160,160,160,160,160,160,11,0,120.0,142.66942027229973,109.72583300099359,289.67474999808474,87.36363636363636
1673017992,4,grpc,/pb.VacancyService/UpdateVacancy,0.000000,0.000000,140,140,140,140,140,140,140,140,140,140,140,11,0,140.0,143.2147238192556,108.94970900335466,176.82525000054738,87.27272727272727
1673017992,4,,Aggregated,0.000000,0.000000,120,140,160,160,190,190,190,190,190,190,190,48,0,130.0,619.1604795004272,61.14454099952127,5777.098170001409,95.16666666666667
1673017993,4,grpc,/pb.AuthService/SignInUser,0.000000,0.000000,0,0,0,0,0,0,0,0,0,0,0,3,0,3800.0,4091.740780001904,2744.438377001643,5777.098170001409,491.0
1673017993,4,grpc,/pb.VacancyService/CreateVacancy,0.000000,0.000000,100,100,120,120,120,120,120,120,120,120,120,12,0,91,107.08372583364205,61.14454099952127,181.79187500209082,87.33333333333333
1673017993,4,grpc,/pb.VacancyService/DeleteVacancy,0.000000,0.000000,120,120,190,190,190,190,190,190,190,190,190,12,0,150.0,709.9492190003124,114.22083299839869,2417.5940419991093,1.5
1673017993,4,grpc,/pb.VacancyService/GetVacancies,0.000000,0.000000,0,0,0,0,0,0,0,0,0,0,0,2,0,220.0,2405.633771999419,216.95162499963772,4594.3159189992,100.0
1673017993,4,grpc,/pb.VacancyService/GetVacancy,0.000000,0.000000,130,130,160,160,160,160,160,160,160,160,160,12,0,120.0,141.6461178329579,109.72583300099359,289.67474999808474,87.41666666666667
1673017993,4,grpc,/pb.VacancyService/UpdateVacancy,0.000000,0.000000,140,140,160,160,160,160,160,160,160,160,160,12,0,140.0,144.59134058415657,108.94970900335466,176.82525000054738,87.33333333333333
1673017993,4,,Aggregated,0.000000,0.000000,120,130,160,160,160,190,190,190,190,190,190,53,0,130.0,572.1836740191958,61.14454099952127,5777.098170001409,91.24528301886792
1673017994,4,grpc,/pb.AuthService/SignInUser,0.000000,0.000000,0,0,0,0,0,0,0,0,0,0,0,3,0,3800.0,4091.740780001904,2744.438377001643,5777.098170001409,491.0
1673017994,4,grpc,/pb.VacancyService/CreateVacancy,0.000000,0.000000,100,100,120,120,120,120,120,120,120,120,120,12,0,91,107.08372583364205,61.14454099952127,181.79187500209082,87.33333333333333
1673017994,4,grpc,/pb.VacancyService/DeleteVacancy,0.000000,0.000000,120,120,190,190,190,190,190,190,190,190,190,12,0,150.0,709.9492190003124,114.22083299839869,2417.5940419991093,1.5
1673017994,4,grpc,/pb.VacancyService/GetVacancies,0.000000,0.000000,0,0,0,0,0,0,0,0,0,0,0,2,0,220.0,2405.633771999419,216.95162499963772,4594.3159189992,100.0
1673017994,4,grpc,/pb.VacancyService/GetVacancy,0.000000,0.000000,130,130,160,160,160,160,160,160,160,160,160,12,0,120.0,141.6461178329579,109.72583300099359,289.67474999808474,87.41666666666667
1673017994,4,grpc,/pb.VacancyService/UpdateVacancy,0.000000,0.000000,140,140,160,160,160,160,160,160,160,160,160,12,0,140.0,144.59134058415657,108.94970900335466,176.82525000054738,87.33333333333333
1673017994,4,,Aggregated,0.000000,0.000000,120,130,160,160,160,190,190,190,190,190,190,53,0,130.0,572.1836740191958,61.14454099952127,5777.098170001409,91.24528301886792
1673017995,4,grpc,/pb.AuthService/SignInUser,0.000000,0.000000,0,0,0,0,0,0,0,0,0,0,0,3,0,3800.0,4091.740780001904,2744.438377001643,5777.098170001409,491.0
1673017995,4,grpc,/pb.VacancyService/CreateVacancy,0.000000,0.000000,100,100,120,120,120,120,120,120,120,120,120,12,0,91,107.08372583364205,61.14454099952127,181.79187500209082,87.33333333333333
1673017995,4,grpc,/pb.VacancyService/DeleteVacancy,0.000000,0.000000,120,120,190,190,190,190,190,190,190,190,190,12,0,150.0,709.9492190003124,114.22083299839869,2417.5940419991093,1.5
1673017995,4,grpc,/pb.VacancyService/GetVacancies,0.000000,0.000000,0,0,0,0,0,0,0,0,0,0,0,2,0,220.0,2405.633771999419,216.95162499963772,4594.3159189992,100.0
1673017995,4,grpc,/pb.VacancyService/GetVacancy,0.000000,0.000000,130,130,160,160,160,160,160,160,160,160,160,12,0,120.0,141.6461178329579,109.72583300099359,289.67474999808474,87.41666666666667
1673017995,4,grpc,/pb.VacancyService/UpdateVacancy,0.000000,0.000000,140,140,160,160,160,160,160,160,160,160,160,12,0,140.0,144.59134058415657,108.94970900335466,176.82525000054738,87.33333333333333
1673017995,4,,Aggregated,0.000000,0.000000,120,130,160,160,160,190,190,190,190,190,190,53,0,130.0,572.1836740191958,61.14454099952127,5777.098170001409,91.24528301886792
1673017996,4,grpc,/pb.AuthService/SignInUser,0.000000,0.000000,0,0,0,0,0,0,0,0,0,0,0,3,0,3800.0,4091.740780001904,2744.438377001643,5777.098170001409,491.0
1673017996,4,grpc,/pb.VacancyService/CreateVacancy,0.000000,0.000000,100,100,120,120,120,120,120,120,120,120,120,12,0,91,107.08372583364205,61.14454099952127,181.79187500209082,87.33333333333333
1673017996,4,grpc,/pb.VacancyService/DeleteVacancy,0.000000,0.000000,120,120,190,190,190,190,190,190,190,190,190,12,0,150.0,709.9492190003124,114.22083299839869,2417.5940419991093,1.5
1673017996,4,grpc,/pb.VacancyService/GetVacancies,0.000000,0.000000,0,0,0,0,0,0,0,0,0,0,0,2,0,220.0,2405.633771999419,216.95162499963772,4594.3159189992,100.0
1673017996,4,grpc,/pb.VacancyService/GetVacancy,0.000000,0.000000,130,130,160,160,160,160,160,160,160,160,160,12,0,120.0,141.6461178329579,109.72583300099359,289.67474999808474,87.41666666666667
1673017996,4,grpc,/pb.VacancyService/UpdateVacancy,0.000000,0.000000,140,140,160,160,160,160,160,160,160,160,160,12,0,140.0,144.59134058415657,108.94970900335466,176.82525000054738,87.33333333333333
1673017996,4,,Aggregated,0.000000,0.000000,120,130,160,160,160,190,190,190,190,190,190,53,0,130.0,572.1836740191958,61.14454099952127,5777.098170001409,91.24528301886792
1673017997,4,grpc,/pb.AuthService/SignInUser,0.000000,0.000000,0,0,0,0,0,0,0,0,0,0,0,3,0,3800.0,4091.740780001904,2744.438377001643,5777.098170001409,491.0
1673017997,4,grpc,/pb.VacancyService/CreateVacancy,0.000000,0.000000,100,100,120,120,120,120,120,120,120,120,120,12,0,91,107.08372583364205,61.14454099952127,181.79187500209082,87.33333333333333
1673017997,4,grpc,/pb.VacancyService/DeleteVacancy,0.000000,0.000000,120,120,190,190,190,190,190,190,190,190,190,12,0,150.0,709.9492190003124,114.22083299839869,2417.5940419991093,1.5
1673017997,4,grpc,/pb.VacancyService/GetVacancies,0.000000,0.000000,0,0,0,0,0,0,0,0,0,0,0,2,0,220.0,2405.633771999419,216.95162499963772,4594.3159189992,100.0
1673017997,4,grpc,/pb.VacancyService/GetVacancy,0.000000,0.000000,130,130,160,160,160,160,160,160,160,160,160,12,0,120.0,141.6461178329579,109.72583300099359,289.67474999808474,87.41666666666667
1673017997,4,grpc,/pb.VacancyService/UpdateVacancy,0.000000,0.000000,140,140,160,160,160,160,160,160,160,160,160,12,0,140.0,144.59134058415657,108.94970900335466,176.82525000054738,87.33333333333333
1673017997,4,,Aggregated,0.000000,0.000000,120,130,160,160,160,190,190,190,190,190,190,53,0,130.0,572.1836740191958,61.14454099952127,5777.098170001409,91.24528301886792
1673017998,4,grpc,/pb.AuthService/SignInUser,0.000000,0.000000,0,0,0,0,0,0,0,0,0,0,0,3,0,3800.0,4091.740780001904,2744.438377001643,5777.098170001409,491.0
1673017998,4,grpc,/pb.VacancyService/CreateVacancy,0.000000,0.000000,100,100,120,120,120,120,120,120,120,120,120,12,0,91,107.08372583364205,61.14454099952127,181.79187500209082,87.33333333333333
1673017998,4,grpc,/pb.VacancyService/DeleteVacancy,0.000000,0.000000,120,120,190,190,190,190,190,190,190,190,190,12,0,150.0,709.9492190003124,114.22083299839869,2417.5940419991093,1.5
1673017998,4,grpc,/pb.VacancyService/GetVacancies,0.000000,0.000000,0,0,0,0,0,0,0,0,0,0,0,2,0,220.0,2405.633771999419,216.95162499963772,4594.3159189992,100.0
1673017998,4,grpc,/pb.VacancyService/GetVacancy,0.000000,0.000000,130,130,160,160,160,160,160,160,160,160,160,12,0,120.0,141.6461178329579,109.72583300099359,289.67474999808474,87.41666666666667
1673017998,4,grpc,/pb.VacancyService/UpdateVacancy,0.000000,0.000000,140,140,160,160,160,160,160,160,160,160,160,12,0,140.0,144.59134058415657,108.94970900335466,176.82525000054738,87.33333333333333
1673017998,4,,Aggregated,0.000000,0.000000,120,130,160,160,160,190,190,190,190,190,190,53,0,130.0,572.1836740191958,61.14454099952127,5777.098170001409,91.24528301886792
1673017999,4,grpc,/pb.AuthService/SignInUser,0.000000,0.000000,0,0,0,0,0,0,0,0,0,0,0,3,0,3800.0,4091.740780001904,2744.438377001643,5777.098170001409,491.0
1673017999,4,grpc,/pb.VacancyService/CreateVacancy,0.000000,0.000000,100,100,120,120,120,120,120,120,120,120,120,12,0,91,107.08372583364205,61.14454099952127,181.79187500209082,87.33333333333333
1673017999,4,grpc,/pb.VacancyService/DeleteVacancy,0.000000,0.000000,120,120,190,190,190,190,190,190,190,190,190,12,0,150.0,709.9492190003124,114.22083299839869,2417.5940419991093,1.5
1673017999,4,grpc,/pb.VacancyService/GetVacancies,0.000000,0.000000,0,0,0,0,0,0,0,0,0,0,0,2,0,220.0,2405.633771999419,216.95162499963772,4594.3159189992,100.0
1673017999,4,grpc,/pb.VacancyService/GetVacancy,0.000000,0.000000,130,130,160,160,160,160,160,160,160,160,160,12,0,120.0,141.6461178329579,109.72583300099359,289.67474999808474,87.41666666666667
1673017999,4,grpc,/pb.VacancyService/UpdateVacancy,0.000000,0.000000,140,140,160,160,160,160,160,160,160,160,160,12,0,140.0,144.59134058415657,108.94970900335466,176.82525000054738,87.33333333333333
1673017999,4,,Aggregated,0.000000,0.000000,120,130,160,160,160,190,190,190,190,190,190,53,0,130.0,572.1836740191958,61.14454099952127,5777.098170001409,91.24528301886792
1673018000,4,grpc,/pb.AuthService/SignInUser,0.000000,0.000000,0,0,0,0,0,0,0,0,0,0,0,3,0,3800.0,4091.740780001904,2744.438377001643,5777.098170001409,491.0
1673018000,4,grpc,/pb.VacancyService/CreateVacancy,0.000000,0.000000,100,100,120,120,120,120,120,120,120,120,120,12,0,91,107.08372583364205,61.14454099952127,181.79187500209082,87.33333333333333
1673018000,4,grpc,/pb.VacancyService/DeleteVacancy,0.000000,0.000000,120,120,190,190,190,190,190,190,190,190,190,12,0,150.0,709.9492190003124,114.22083299839869,2417.5940419991093,1.5
1673018000,4,grpc,/pb.VacancyService/GetVacancies,0.000000,0.000000,0,0,0,0,0,0,0,0,0,0,0,2,0,220.0,2405.633771999419,216.95162499963772,4594.3159189992,100.0
1673018000,4,grpc,/pb.VacancyService/GetVacancy,0.000000,0.000000,130,130,160,160,160,160,160,160,160,160,160,12,0,120.0,141.6461178329579,109.72583300099359,289.67474999808474,87.41666666666667
1673018000,4,grpc,/pb.VacancyService/UpdateVacancy,0.000000,0.000000,140,140,160,160,160,160,160,160,160,160,160,12,0,140.0,144.59134058415657,108.94970900335466,176.82525000054738,87.33333333333333
1673018000,4,,Aggregated,0.000000,0.000000,120,130,160,160,160,190,190,190,190,190,190,53,0,130.0,572.1836740191958,61.14454099952127,5777.098170001409,91.24528301886792
1673018001,4,grpc,/pb.AuthService/SignInUser,0.000000,0.000000,0,0,0,0,0,0,0,0,0,0,0,3,0,3800.0,4091.740780001904,2744.438377001643,5777.098170001409,491.0
1673018001,4,grpc,/pb.VacancyService/CreateVacancy,0.000000,0.000000,80,80,80,80,80,80,80,80,80,80,80,12,0,91,107.08372583364205,61.14454099952127,181.79187500209082,87.33333333333333
1673018001,4,grpc,/pb.VacancyService/DeleteVacancy,0.000000,0.000000,120,120,120,120,120,120,120,120,120,120,120,12,0,150.0,709.9492190003124,114.22083299839869,2417.5940419991093,1.5
1673018001,4,grpc,/pb.VacancyService/GetVacancies,0.000000,0.000000,0,0,0,0,0,0,0,0,0,0,0,2,0,220.0,2405.633771999419,216.95162499963772,4594.3159189992,100.0
1673018001,4,grpc,/pb.VacancyService/GetVacancy,0.000000,0.000000,160,160,160,160,160,160,160,160,160,160,160,12,0,120.0,141.6461178329579,109.72583300099359,289.67474999808474,87.41666666666667
1673018001,4,grpc,/pb.VacancyService/UpdateVacancy,0.000000,0.000000,160,160,160,160,160,160,160,160,160,160,160,12,0,140.0,144.59134058415657,108.94970900335466,176.82525000054738,87.33333333333333
1673018001,4,,Aggregated,0.000000,0.000000,130,130,160,160,160,160,160,160,160,160,160,53,0,130.0,572.1836740191958,61.14454099952127,5777.098170001409,91.24528301886792
1673018002,4,grpc,/pb.AuthService/SignInUser,0.000000,0.000000,0,0,0,0,0,0,0,0,0,0,0,3,0,3800.0,4091.740780001904,2744.438377001643,5777.098170001409,491.0
1673018002,4,grpc,/pb.VacancyService/CreateVacancy,0.000000,0.000000,80,80,80,80,80,80,80,80,80,80,80,12,0,91,107.08372583364205,61.14454099952127,181.79187500209082,87.33333333333333
1673018002,4,grpc,/pb.VacancyService/DeleteVacancy,0.000000,0.000000,120,120,120,120,120,120,120,120,120,120,120,12,0,150.0,709.9492190003124,114.22083299839869,2417.5940419991093,1.5
1673018002,4,grpc,/pb.VacancyService/GetVacancies,0.000000,0.000000,0,0,0,0,0,0,0,0,0,0,0,2,0,220.0,2405.633771999419,216.95162499963772,4594.3159189992,100.0
1673018002,4,grpc,/pb.VacancyService/GetVacancy,0.000000,0.000000,160,160,160,160,160,160,160,160,160,160,160,12,0,120.0,141.6461178329579,109.72583300099359,289.67474999808474,87.41666666666667
1673018002,4,grpc,/pb.VacancyService/UpdateVacancy,0.000000,0.000000,160,160,160,160,160,160,160,160,160,160,160,12,0,140.0,144.59134058415657,108.94970900335466,176.82525000054738,87.33333333333333
1673018002,4,,Aggregated,0.000000,0.000000,130,130,160,160,160,160,160,160,160,160,160,53,0,130.0,572.1836740191958,61.14454099952127,5777.098170001409,91.24528301886792
1673018003,4,grpc,/pb.AuthService/SignInUser,0.000000,0.000000,0,0,0,0,0,0,0,0,0,0,0,3,0,3800.0,4091.740780001904,2744.438377001643,5777.098170001409,491.0
1673018003,4,grpc,/pb.VacancyService/CreateVacancy,0.000000,0.000000,80,80,80,80,80,80,80,80,80,80,80,12,0,91,107.08372583364205,61.14454099952127,181.79187500209082,87.33333333333333
1673018003,4,grpc,/pb.VacancyService/DeleteVacancy,0.000000,0.000000,120,120,120,120,120,120,120,120,120,120,120,12,0,150.0,709.9492190003124,114.22083299839869,2417.5940419991093,1.5
1673018003,4,grpc,/pb.VacancyService/GetVacancies,0.000000,0.000000,0,0,0,0,0,0,0,0,0,0,0,2,0,220.0,2405.633771999419,216.95162499963772,4594.3159189992,100.0
1673018003,4,grpc,/pb.VacancyService/GetVacancy,0.000000,0.000000,160,160,160,160,160,160,160,160,160,160,160,12,0,120.0,141.6461178329579,109.72583300099359,289.67474999808474,87.41666666666667
1673018003,4,grpc,/pb.VacancyService/UpdateVacancy,0.000000,0.000000,160,160,160,160,160,160,160,160,160,160,160,12,0,140.0,144.59134058415657,108.94970900335466,176.82525000054738,87.33333333333333
1673018003,4,,Aggregated,0.000000,0.000000,130,130,160,160,160,160,160,160,160,160,160,53,0,130.0,572.1836740191958,61.14454099952127,5777.098170001409,91.24528301886792
